id,level_1,level_2,level_3,level_4
651,651,95,0,1
917,917,95,0,1
565,565,95,0,1
564,564,80,0,1
563,563,80,0,1
562,562,80,0,1
561,561,80,0,1
560,560,80,0,1
559,559,80,0,1
916,916,95,0,1
915,915,95,0,1
914,914,95,0,1
913,913,95,0,1
729,729,80,0,1
350,350,80,0,1
351,351,19,0,1
352,352,19,0,1
353,353,19,0,1
814,814,80,0,1
815,815,80,0,1
816,816,80,0,1
354,354,19,0,1
817,817,80,0,1
818,818,95,0,1
819,819,95,0,1
820,820,95,0,1
566,566,95,0,1
567,567,95,0,1
568,568,95,0,1
569,569,95,0,1
728,728,80,0,1
727,727,80,0,1
726,726,80,0,1
725,725,80,0,1
724,724,80,0,1
731,731,95,0,1
732,732,95,0,1
733,733,95,0,1
734,734,95,0,1
735,735,95,0,1
736,736,95,0,1
650,650,95,0,1
821,821,95,0,1
649,649,95,0,1
647,647,95,0,1
646,646,95,0,1
645,645,95,0,1
644,644,80,0,1
643,643,80,0,1
642,642,80,0,1
641,641,80,0,1
640,640,80,0,1
290,290,19,0,1
291,291,80,0,1
292,292,19,0,1
293,293,19,0,1
648,648,95,0,1
822,822,95,0,1
730,730,95,0,1
416,416,19,0,1
483,483,80,0,1
482,482,80,0,1
492,492,95,0,1
491,491,19,0,1
490,490,19,0,1
489,489,19,0,1
488,488,19,0,1
485,485,80,0,1
413,413,80,0,1
414,414,80,0,1
415,415,80,0,1
1005,1005,80,0,1
908,908,80,0,1
417,417,19,0,1
486,486,80,0,1
1011,1011,95,0,1
823,823,95,0,1
824,824,95,0,1
825,825,95,0,1
420,420,19,0,1
826,826,95,0,1
911,911,95,0,1
418,418,19,0,1
910,910,80,0,1
909,909,80,0,1
421,421,95,0,1
487,487,80,0,1
419,419,19,0,1
1012,1012,95,0,1
484,484,80,0,1
3264,3264,156,1,3
3265,3265,156,1,3
3486,3486,7,1,3
3263,3263,156,1,3
3140,3140,7,1,3
3141,3141,7,1,3
3260,3260,7,1,3
3259,3259,7,1,3
3258,3258,7,1,3
3257,3257,7,1,3
3256,3256,7,1,3
3137,3137,7,1,3
3138,3138,7,1,3
3139,3139,7,1,3
3262,3262,156,1,3
3255,3255,7,1,3
3599,3599,162,1,3
3712,3712,162,1,3
3711,3711,162,1,3
3710,3710,162,1,3
3709,3709,162,1,3
3708,3708,162,1,3
3820,3820,162,1,3
3487,3487,162,1,3
3598,3598,162,1,3
3488,3488,7,1,3
3147,3147,156,1,3
3490,3490,7,1,3
3603,3603,162,1,3
2896,2896,7,1,3
2897,2897,7,1,3
2898,2898,7,1,3
2899,2899,7,1,3
3605,3605,156,1,3
3604,3604,162,1,3
3143,3143,156,1,3
3144,3144,156,1,3
2900,2900,7,1,3
2901,2901,7,1,3
2903,2903,156,1,3
2904,2904,156,1,3
3145,3145,156,1,3
4116,4116,162,1,3
3607,3607,156,1,3
3608,3608,156,1,3
3919,3919,162,1,3
3920,3920,162,1,3
3491,3491,156,1,3
3492,3492,156,1,3
3493,3493,156,1,3
3494,3494,156,1,3
3146,3146,156,1,3
3821,3821,162,1,3
3822,3822,156,1,3
3489,3489,162,1,3
3142,3142,156,1,3
3600,3600,162,1,3
3601,3601,162,1,3
3602,3602,162,1,3
3495,3495,156,1,3
3923,3923,162,1,3
3922,3922,162,1,3
3921,3921,162,1,3
3924,3924,162,1,3
3606,3606,156,1,3
3261,3261,156,1,3
3024,3024,156,1,3
2774,2774,7,1,3
3713,3713,162,1,3
3374,3374,7,1,3
3375,3375,7,1,3
3376,3376,7,1,3
3819,3819,162,1,3
3026,3026,156,1,3
3025,3025,156,1,3
3716,3716,156,1,3
3372,3372,7,1,3
3378,3378,156,1,3
3379,3379,156,1,3
3380,3380,156,1,3
3381,3381,156,1,3
4019,4019,162,1,3
4020,4020,162,1,3
4021,4021,162,1,3
4022,4022,162,1,3
3377,3377,156,1,3
3715,3715,162,1,3
3373,3373,7,1,3
3020,3020,7,1,3
3714,3714,162,1,3
3019,3019,7,1,3
3018,3018,7,1,3
3017,3017,7,1,3
3023,3023,156,1,3
3021,3021,7,1,3
3022,3022,156,1,3
3815,3815,162,1,3
3816,3816,162,1,3
3817,3817,162,1,3
3818,3818,162,1,3
1532,1532,31,2,1
1531,1531,166,2,1
1534,1534,31,2,1
556,556,90,2,1
557,557,90,2,1
558,558,90,2,1
1535,1535,31,2,1
1533,1533,31,2,1
1530,1530,166,2,1
1417,1417,166,2,1
1423,1423,31,2,1
1317,1317,31,2,1
1203,1203,166,2,1
1422,1422,31,2,1
1421,1421,31,2,1
1420,1420,31,2,1
1419,1419,166,2,1
1315,1315,31,2,1
1314,1314,31,2,1
1418,1418,166,2,1
1313,1313,31,2,1
1312,1312,31,2,1
1311,1311,31,2,1
1095,1095,166,2,1
1536,1536,31,2,1
1202,1202,166,2,1
1538,1538,31,2,1
1001,1001,90,2,1
1002,1002,90,2,1
1003,1003,90,2,1
1004,1004,90,2,1
1650,1650,31,2,1
1649,1649,31,2,1
1648,1648,31,2,1
1647,1647,31,2,1
1000,1000,90,2,1
1646,1646,31,2,1
906,906,90,2,1
905,905,90,2,1
904,904,90,2,1
903,903,90,2,1
902,902,166,2,1
901,901,166,2,1
900,900,166,2,1
899,899,166,2,1
907,907,90,2,1
1537,1537,31,2,1
999,999,166,2,1
1651,1651,31,2,1
1539,1539,31,2,1
1096,1096,166,2,1
806,806,166,2,1
807,807,166,2,1
995,995,166,2,1
996,996,166,2,1
997,997,166,2,1
808,808,166,2,1
998,998,166,2,1
809,809,90,2,1
811,811,90,2,1
812,812,90,2,1
813,813,90,2,1
1889,1889,31,2,1
1888,1888,31,2,1
1654,1654,31,2,1
1653,1653,31,2,1
1652,1652,31,2,1
810,810,90,2,1
1097,1097,166,2,1
1316,1316,31,2,1
1308,1308,166,2,1
1104,1104,90,2,1
723,723,90,2,1
1198,1198,166,2,1
1307,1307,166,2,1
718,718,166,2,1
1199,1199,166,2,1
719,719,90,2,1
720,720,90,2,1
1099,1099,166,2,1
721,721,90,2,1
1200,1200,166,2,1
1425,1425,31,2,1
1103,1103,90,2,1
1102,1102,90,2,1
1101,1101,90,2,1
1770,1770,31,2,1
1426,1426,31,2,1
1098,1098,166,2,1
722,722,90,2,1
1209,1209,31,2,1
1105,1105,31,2,1
1207,1207,31,2,1
1765,1765,31,2,1
1306,1306,166,2,1
1309,1309,166,2,1
635,635,90,2,1
636,636,90,2,1
1310,1310,166,2,1
1766,1766,31,2,1
1767,1767,31,2,1
1768,1768,31,2,1
1208,1208,31,2,1
637,637,90,2,1
639,639,90,2,1
1424,1424,31,2,1
1769,1769,31,2,1
1427,1427,31,2,1
1201,1201,166,2,1
1204,1204,166,2,1
1205,1205,31,2,1
1206,1206,31,2,1
638,638,90,2,1
1100,1100,90,2,1
3046,3046,72,3,6
3285,3285,32,3,6
3283,3283,32,3,6
2924,2924,72,3,6
3164,3164,72,3,6
3047,3047,72,3,6
3045,3045,32,3,6
3048,3048,72,3,6
3165,3165,32,3,6
3166,3166,32,3,6
3167,3167,32,3,6
3168,3168,32,3,6
2925,2925,72,3,6
2927,2927,72,3,6
3531,3531,212,4,4
3854,3854,138,4,4
3059,3059,44,4,4
3296,3296,44,4,4
3532,3532,212,4,4
3297,3297,44,4,4
3745,3745,138,4,4
3535,3535,212,4,4
3534,3534,212,4,4
3746,3746,138,4,4
3533,3533,212,4,4
3853,3853,138,4,4
3529,3529,138,4,4
3530,3530,212,4,4
3060,3060,44,4,4
3069,3069,41,4,4
3645,3645,212,4,4
3748,3748,138,4,4
3183,3183,44,4,4
3182,3182,44,4,4
3067,3067,41,4,4
3066,3066,41,4,4
3065,3065,41,4,4
3181,3181,44,4,4
3184,3184,41,4,4
3180,3180,44,4,4
3178,3178,44,4,4
2823,2823,41,4,4
2824,2824,41,4,4
2825,2825,41,4,4
2577,2577,41,4,4
2826,2826,41,4,4
3179,3179,44,4,4
3747,3747,138,4,4
3185,3185,41,4,4
3187,3187,41,4,4
3749,3749,138,4,4
3750,3750,212,4,4
3751,3751,212,4,4
3752,3752,212,4,4
3753,3753,212,4,4
3754,3754,212,4,4
3186,3186,41,4,4
2819,2819,44,4,4
3412,3412,138,4,4
3304,3304,41,4,4
3068,3068,41,4,4
3306,3306,41,4,4
3189,3189,41,4,4
3188,3188,41,4,4
3413,3413,138,4,4
3305,3305,212,4,4
2822,2822,41,4,4
3415,3415,44,4,4
2945,2945,41,4,4
2944,2944,41,4,4
2943,2943,41,4,4
2942,2942,44,4,4
2941,2941,44,4,4
2940,2940,44,4,4
2939,2939,44,4,4
3414,3414,138,4,4
2818,2818,44,4,4
2703,2703,41,4,4
3637,3637,138,4,4
3638,3638,138,4,4
2702,2702,41,4,4
2701,2701,41,4,4
2700,2700,41,4,4
3639,3639,138,4,4
3640,3640,138,4,4
2699,2699,41,4,4
2698,2698,41,4,4
2697,2697,44,4,4
2696,2696,44,4,4
2695,2695,44,4,4
3641,3641,212,4,4
3642,3642,212,4,4
3646,3646,212,4,4
3643,3643,212,4,4
3644,3644,212,4,4
2946,2946,41,4,4
3303,3303,212,4,4
2817,2817,44,4,4
3418,3418,212,4,4
3419,3419,212,4,4
3420,3420,212,4,4
3421,3421,212,4,4
3061,3061,44,4,4
2948,2948,41,4,4
2947,2947,41,4,4
3857,3857,212,4,4
2821,2821,41,4,4
3416,3416,138,4,4
2694,2694,44,4,4
3062,3062,44,4,4
2820,2820,44,4,4
3417,3417,212,4,4
3855,3855,138,4,4
3063,3063,44,4,4
3526,3526,138,4,4
3527,3527,138,4,4
3064,3064,41,4,4
3528,3528,138,4,4
3298,3298,44,4,4
3299,3299,44,4,4
3300,3300,44,4,4
3301,3301,212,4,4
3302,3302,212,4,4
3856,3856,212,4,4
1975,1975,145,5,4
1974,1974,145,5,4
1502,1502,145,5,4
880,880,43,5,4
1501,1501,145,5,4
879,879,43,5,4
1503,1503,145,5,4
1391,1391,43,5,4
1505,1505,145,5,4
1390,1390,145,5,4
1393,1393,43,5,4
1394,1394,185,5,4
1396,1396,185,5,4
1397,1397,185,5,4
1398,1398,185,5,4
977,977,43,5,4
976,976,43,5,4
975,975,43,5,4
974,974,43,5,4
1392,1392,43,5,4
1509,1509,185,5,4
1508,1508,185,5,4
1507,1507,185,5,4
1506,1506,185,5,4
1504,1504,145,5,4
1395,1395,185,5,4
1287,1287,185,5,4
1285,1285,185,5,4
1175,1175,43,5,4
1182,1182,185,5,4
1078,1078,185,5,4
1284,1284,43,5,4
1283,1283,43,5,4
1282,1282,43,5,4
1281,1281,43,5,4
1615,1615,145,5,4
1616,1616,145,5,4
1617,1617,145,5,4
1176,1176,43,5,4
1618,1618,145,5,4
1620,1620,185,5,4
1077,1077,185,5,4
1857,1857,185,5,4
1856,1856,185,5,4
1855,1855,145,5,4
1621,1621,185,5,4
1622,1622,185,5,4
1623,1623,185,5,4
1624,1624,185,5,4
1288,1288,185,5,4
1619,1619,145,5,4
1076,1076,43,5,4
1740,1740,185,5,4
1738,1738,185,5,4
1286,1286,185,5,4
1180,1180,185,5,4
1179,1179,43,5,4
1178,1178,43,5,4
1851,1851,145,5,4
1073,1073,43,5,4
1074,1074,43,5,4
1075,1075,43,5,4
1732,1732,145,5,4
1739,1739,185,5,4
1733,1733,145,5,4
1735,1735,145,5,4
1852,1852,145,5,4
1181,1181,185,5,4
1853,1853,145,5,4
1854,1854,145,5,4
1177,1177,43,5,4
1736,1736,145,5,4
1737,1737,185,5,4
1734,1734,145,5,4
2467,2467,183,6,4
2219,2219,61,6,4
2341,2341,206,6,4
2466,2466,183,6,4
2958,2958,206,6,4
2956,2956,206,6,4
2342,2342,206,6,4
2957,2957,206,6,4
2959,2959,206,6,4
2220,2220,61,6,4
2465,2465,206,6,4
2343,2343,61,6,4
2839,2839,183,6,4
2345,2345,183,6,4
2712,2712,206,6,4
2713,2713,206,6,4
2714,2714,206,6,4
2715,2715,183,6,4
2716,2716,183,6,4
2834,2834,206,6,4
2835,2835,206,6,4
2836,2836,206,6,4
2837,2837,206,6,4
2838,2838,206,6,4
2221,2221,61,6,4
2470,2470,183,6,4
2469,2469,183,6,4
2468,2468,61,6,4
2098,2098,61,6,4
2099,2099,61,6,4
2100,2100,61,6,4
2347,2347,61,6,4
2346,2346,61,6,4
2344,2344,61,6,4
2222,2222,61,6,4
2711,2711,206,6,4
2224,2224,61,6,4
1978,1978,61,6,4
2101,2101,61,6,4
2591,2591,206,6,4
2592,2592,61,6,4
2593,2593,183,6,4
2594,2594,183,6,4
1977,1977,61,6,4
1976,1976,61,6,4
2589,2589,206,6,4
2223,2223,61,6,4
2097,2097,61,6,4
2590,2590,206,6,4
591,591,65,7,2
592,592,65,7,2
156,156,167,7,2
155,155,62,7,2
590,590,1,7,2
673,673,1,7,2
587,587,1,7,2
436,436,1,7,2
207,207,167,7,2
593,593,65,7,2
116,116,167,7,2
161,161,167,7,2
253,253,62,7,2
254,254,62,7,2
255,255,167,7,2
256,256,167,7,2
257,257,167,7,2
444,444,65,7,2
443,443,167,7,2
442,442,1,7,2
119,119,167,7,2
118,118,167,7,2
117,117,167,7,2
441,441,65,7,2
440,440,1,7,2
439,439,1,7,2
258,258,167,7,2
438,438,1,7,2
585,585,1,7,2
437,437,1,7,2
377,377,167,7,2
675,675,65,7,2
205,205,167,7,2
312,312,62,7,2
201,201,62,7,2
313,313,167,7,2
314,314,167,7,2
157,157,167,7,2
202,202,167,7,2
206,206,167,7,2
311,311,65,7,2
315,315,167,7,2
372,372,1,7,2
158,158,167,7,2
371,371,1,7,2
159,159,167,7,2
203,203,167,7,2
370,370,1,7,2
369,369,1,7,2
252,252,1,7,2
204,204,167,7,2
310,310,1,7,2
308,308,1,7,2
376,376,167,7,2
375,375,62,7,2
374,374,65,7,2
373,373,1,7,2
508,508,1,7,2
509,509,1,7,2
510,510,1,7,2
309,309,1,7,2
511,511,1,7,2
513,513,1,7,2
514,514,65,7,2
515,515,65,7,2
516,516,65,7,2
517,517,65,7,2
512,512,1,7,2
160,160,167,7,2
4398,4398,128,8,8
4395,4395,152,8,8
4397,4397,128,8,8
4396,4396,152,8,8
4394,4394,106,8,8
4471,4471,106,8,8
4611,4611,106,8,8
4399,4399,128,8,8
4612,4612,106,8,8
4392,4392,106,8,8
4613,4613,106,8,8
4614,4614,106,8,8
4615,4615,106,8,8
4470,4470,106,8,8
4616,4616,73,8,8
4469,4469,106,8,8
4393,4393,106,8,8
4619,4619,73,8,8
4618,4618,73,8,8
4400,4400,128,8,8
4610,4610,106,8,8
4617,4617,128,8,8
4231,4231,128,8,8
4473,4473,152,8,8
4472,4472,106,8,8
4737,4737,73,8,8
4738,4738,73,8,8
4551,4551,73,8,8
4550,4550,73,8,8
4788,4788,73,8,8
4789,4789,73,8,8
4790,4790,73,8,8
4549,4549,73,8,8
4318,4318,128,8,8
4317,4317,128,8,8
4316,4316,128,8,8
4315,4315,152,8,8
4314,4314,128,8,8
4313,4313,152,8,8
4312,4312,152,8,8
4311,4311,152,8,8
4310,4310,106,8,8
4548,4548,73,8,8
4542,4542,106,8,8
4543,4543,106,8,8
4544,4544,106,8,8
4545,4545,106,8,8
4546,4546,106,8,8
4547,4547,73,8,8
4139,4139,128,8,8
4138,4138,128,8,8
4735,4735,73,8,8
4734,4734,106,8,8
4736,4736,106,8,8
4226,4226,128,8,8
4229,4229,128,8,8
4228,4228,128,8,8
4227,4227,128,8,8
4474,4474,152,8,8
4225,4225,106,8,8
4224,4224,152,8,8
4223,4223,152,8,8
4682,4682,73,8,8
4476,4476,128,8,8
4681,4681,73,8,8
4230,4230,128,8,8
4475,4475,128,8,8
4679,4679,73,8,8
4678,4678,73,8,8
4677,4677,106,8,8
4676,4676,106,8,8
4675,4675,106,8,8
4477,4477,128,8,8
4478,4478,128,8,8
4674,4674,106,8,8
4680,4680,73,8,8
4082,4082,131,9,5
4435,4435,86,9,5
4434,4434,86,9,5
4433,4433,131,9,5
4436,4436,86,9,5
4432,4432,131,9,5
4576,4576,186,9,5
4577,4577,186,9,5
4578,4578,186,9,5
3985,3985,131,9,5
4513,4513,86,9,5
4512,4512,86,9,5
4579,4579,186,9,5
4511,4511,86,9,5
4438,4438,86,9,5
4437,4437,86,9,5
4505,4505,186,9,5
4510,4510,86,9,5
4509,4509,86,9,5
4508,4508,186,9,5
4506,4506,131,9,5
4507,4507,131,9,5
4648,4648,86,9,5
4581,4581,86,9,5
4356,4356,86,9,5
4355,4355,86,9,5
4354,4354,86,9,5
4702,4702,186,9,5
4580,4580,186,9,5
4353,4353,86,9,5
4704,4704,186,9,5
4705,4705,186,9,5
4352,4352,131,9,5
4351,4351,131,9,5
4350,4350,131,9,5
4349,4349,131,9,5
4273,4273,86,9,5
4274,4274,86,9,5
4357,4357,86,9,5
4275,4275,86,9,5
4707,4707,186,9,5
4708,4708,186,9,5
4757,4757,186,9,5
4758,4758,186,9,5
4759,4759,186,9,5
4760,4760,186,9,5
4761,4761,186,9,5
4762,4762,186,9,5
4808,4808,186,9,5
4809,4809,186,9,5
4810,4810,186,9,5
4811,4811,186,9,5
4854,4854,186,9,5
4176,4176,131,9,5
4706,4706,186,9,5
4358,4358,86,9,5
4703,4703,186,9,5
4180,4180,131,9,5
4582,4582,86,9,5
4583,4583,86,9,5
4431,4431,131,9,5
4430,4430,131,9,5
4429,4429,131,9,5
4186,4186,86,9,5
4183,4183,86,9,5
4181,4181,86,9,5
4359,4359,86,9,5
4265,4265,131,9,5
4266,4266,131,9,5
4267,4267,131,9,5
4268,4268,131,9,5
4270,4270,86,9,5
4083,4083,131,9,5
4269,4269,86,9,5
4642,4642,186,9,5
4701,4701,186,9,5
4647,4647,86,9,5
4646,4646,186,9,5
4084,4084,131,9,5
4644,4644,186,9,5
4643,4643,186,9,5
4645,4645,186,9,5
4271,4271,86,9,5
4177,4177,131,9,5
4178,4178,131,9,5
4179,4179,131,9,5
4272,4272,86,9,5
803,803,58,10,0
893,893,58,10,0
804,804,58,10,0
805,805,58,10,0
894,894,58,10,0
802,802,58,10,0
892,892,136,10,0
897,897,58,10,0
890,890,136,10,0
889,889,136,10,0
888,888,136,10,0
887,887,136,10,0
886,886,136,10,0
801,801,58,10,0
898,898,58,10,0
891,891,136,10,0
800,800,58,10,0
895,895,58,10,0
798,798,136,10,0
989,989,100,10,0
988,988,136,10,0
1082,1082,136,10,0
1083,1083,136,10,0
1084,1084,136,10,0
987,987,136,10,0
986,986,136,10,0
985,985,136,10,0
552,552,58,10,0
984,984,136,10,0
1085,1085,136,10,0
1086,1086,136,10,0
1087,1087,136,10,0
1088,1088,100,10,0
1089,1089,100,10,0
1090,1090,100,10,0
1091,1091,58,10,0
1092,1092,58,10,0
983,983,136,10,0
551,551,58,10,0
550,550,58,10,0
549,549,8,10,0
1295,1295,136,10,0
471,471,8,10,0
472,472,8,10,0
473,473,8,10,0
474,474,8,10,0
404,404,8,10,0
403,403,8,10,0
402,402,8,10,0
401,401,8,10,0
994,994,58,10,0
993,993,58,10,0
992,992,58,10,0
991,991,58,10,0
990,990,58,10,0
544,544,136,10,0
545,545,8,10,0
546,546,8,10,0
547,547,8,10,0
548,548,58,10,0
1093,1093,58,10,0
799,799,136,10,0
1094,1094,58,10,0
710,710,100,10,0
708,708,136,10,0
709,709,136,10,0
711,711,8,10,0
712,712,58,10,0
713,713,58,10,0
714,714,58,10,0
715,715,58,10,0
707,707,136,10,0
716,716,58,10,0
1188,1188,136,10,0
1187,1187,136,10,0
793,793,136,10,0
794,794,136,10,0
795,795,136,10,0
796,796,136,10,0
797,797,136,10,0
1189,1189,136,10,0
706,706,136,10,0
896,896,58,10,0
628,628,8,10,0
622,622,136,10,0
632,632,58,10,0
631,631,58,10,0
623,623,136,10,0
630,630,58,10,0
629,629,58,10,0
626,626,8,10,0
627,627,8,10,0
624,624,136,10,0
625,625,136,10,0
2170,2170,171,11,3
2171,2171,115,11,3
2301,2301,46,11,3
3028,3028,171,11,3
2295,2295,171,11,3
2172,2172,115,11,3
2169,2169,171,11,3
2291,2291,171,11,3
2293,2293,171,11,3
2292,2292,171,11,3
2300,2300,46,11,3
2173,2173,115,11,3
2174,2174,115,11,3
2178,2178,46,11,3
2177,2177,46,11,3
2297,2297,115,11,3
2298,2298,46,11,3
2299,2299,46,11,3
2294,2294,115,11,3
2296,2296,115,11,3
2912,2912,46,11,3
2175,2175,115,11,3
2663,2663,171,11,3
2664,2664,171,11,3
2665,2665,171,11,3
2666,2666,46,11,3
2668,2668,46,11,3
2669,2669,46,11,3
2670,2670,46,11,3
1932,1932,115,11,3
2662,2662,171,11,3
1931,1931,115,11,3
2424,2424,46,11,3
2423,2423,46,11,3
2422,2422,46,11,3
2421,2421,46,11,3
2420,2420,46,11,3
1929,1929,115,11,3
1928,1928,115,11,3
1927,1927,115,11,3
1930,1930,115,11,3
2419,2419,46,11,3
2661,2661,171,11,3
1692,1692,115,11,3
2907,2907,171,11,3
2908,2908,171,11,3
2547,2547,46,11,3
2546,2546,46,11,3
2545,2545,46,11,3
2544,2544,46,11,3
2543,2543,46,11,3
2542,2542,46,11,3
2660,2660,171,11,3
2541,2541,171,11,3
2539,2539,171,11,3
2538,2538,171,11,3
2909,2909,171,11,3
2910,2910,46,11,3
2911,2911,46,11,3
2176,2176,115,11,3
2914,2914,46,11,3
2915,2915,46,11,3
2540,2540,171,11,3
2418,2418,171,11,3
2667,2667,46,11,3
2416,2416,171,11,3
2050,2050,115,11,3
2793,2793,46,11,3
2792,2792,46,11,3
2791,2791,46,11,3
2790,2790,46,11,3
2789,2789,171,11,3
2788,2788,171,11,3
2051,2051,115,11,3
2052,2052,115,11,3
2787,2787,171,11,3
2053,2053,115,11,3
2054,2054,115,11,3
2055,2055,115,11,3
2786,2786,171,11,3
2417,2417,171,11,3
2785,2785,171,11,3
2784,2784,171,11,3
2049,2049,115,11,3
2047,2047,171,11,3
2048,2048,115,11,3
2415,2415,171,11,3
1808,1808,115,11,3
1809,1809,115,11,3
1812,1812,115,11,3
2046,2046,171,11,3
1811,1811,115,11,3
1810,1810,115,11,3
3831,3831,70,12,3
3832,3832,70,12,3
3383,3383,197,12,3
3382,3382,197,12,3
3267,3267,197,12,3
3268,3268,197,12,3
3270,3270,197,12,3
3271,3271,114,12,3
3156,3156,114,12,3
3155,3155,114,12,3
3154,3154,114,12,3
3153,3153,114,12,3
3152,3152,197,12,3
3272,3272,114,12,3
3273,3273,114,12,3
3833,3833,70,12,3
3830,3830,70,12,3
3274,3274,114,12,3
3148,3148,197,12,3
3506,3506,70,12,3
3391,3391,70,12,3
3390,3390,70,12,3
3932,3932,70,12,3
4035,4035,70,12,3
3933,3933,70,12,3
3935,3935,70,12,3
3936,3936,70,12,3
3389,3389,70,12,3
3266,3266,197,12,3
3388,3388,114,12,3
3387,3387,70,12,3
3386,3386,197,12,3
3385,3385,197,12,3
3496,3496,197,12,3
3497,3497,197,12,3
3498,3498,197,12,3
3499,3499,197,12,3
3500,3500,197,12,3
3501,3501,70,12,3
3502,3502,70,12,3
3384,3384,197,12,3
3149,3149,197,12,3
3150,3150,197,12,3
3151,3151,197,12,3
3503,3503,114,12,3
3504,3504,114,12,3
3505,3505,70,12,3
3275,3275,70,12,3
3157,3157,114,12,3
3269,3269,197,12,3
3616,3616,70,12,3
3613,3613,64,12,3
3614,3614,70,12,3
3615,3615,70,12,3
3029,3029,197,12,3
3030,3030,197,12,3
3031,3031,197,12,3
3032,3032,114,12,3
3033,3033,114,12,3
3612,3612,197,12,3
3034,3034,114,12,3
3617,3617,70,12,3
3827,3827,64,12,3
3826,3826,197,12,3
3618,3618,70,12,3
2913,2913,114,12,3
2916,2916,114,12,3
3035,3035,114,12,3
3036,3036,114,12,3
3725,3725,70,12,3
3610,3610,197,12,3
3611,3611,197,12,3
3720,3720,197,12,3
3718,3718,197,12,3
3719,3719,197,12,3
3609,3609,197,12,3
3721,3721,197,12,3
3722,3722,64,12,3
3727,3727,70,12,3
3723,3723,70,12,3
3829,3829,70,12,3
3828,3828,70,12,3
3724,3724,70,12,3
3027,3027,197,12,3
2906,2906,197,12,3
3726,3726,70,12,3
1938,1938,147,13,2
1814,1814,144,13,2
1813,1813,144,13,2
1937,1937,147,13,2
1815,1815,144,13,2
1935,1935,144,13,2
1934,1934,144,13,2
1933,1933,144,13,2
1936,1936,147,13,2
1816,1816,147,13,2
1466,1466,144,13,2
1818,1818,199,13,2
1355,1355,144,13,2
1356,1356,144,13,2
1357,1357,144,13,2
1358,1358,199,13,2
1359,1359,199,13,2
1147,1147,199,13,2
1146,1146,199,13,2
1360,1360,199,13,2
1361,1361,199,13,2
2059,2059,147,13,2
2058,2058,147,13,2
2057,2057,147,13,2
2056,2056,144,13,2
1465,1465,144,13,2
1821,1821,147,13,2
1820,1820,147,13,2
1819,1819,147,13,2
1817,1817,144,13,2
1467,1467,144,13,2
1354,1354,144,13,2
1469,1469,199,13,2
1695,1695,144,13,2
1694,1694,144,13,2
1693,1693,144,13,2
1939,1939,147,13,2
1940,1940,147,13,2
1468,1468,199,13,2
1248,1248,199,13,2
1249,1249,144,13,2
1250,1250,199,13,2
1251,1251,199,13,2
1252,1252,199,13,2
1253,1253,199,13,2
1577,1577,144,13,2
1578,1578,144,13,2
1579,1579,144,13,2
1580,1580,144,13,2
1581,1581,144,13,2
1582,1582,144,13,2
1583,1583,147,13,2
1584,1584,147,13,2
1585,1585,199,13,2
1586,1586,199,13,2
1587,1587,147,13,2
1696,1696,144,13,2
1697,1697,144,13,2
1941,1941,147,13,2
1699,1699,147,13,2
1698,1698,144,13,2
1473,1473,199,13,2
1472,1472,199,13,2
1471,1471,199,13,2
1470,1470,199,13,2
1703,1703,147,13,2
1700,1700,147,13,2
1701,1701,147,13,2
1702,1702,147,13,2
3351,3351,132,14,7
3693,3693,93,14,7
3799,3799,93,14,7
3358,3358,93,14,7
3352,3352,93,14,7
3357,3357,93,14,7
3356,3356,93,14,7
3585,3585,93,14,7
3692,3692,93,14,7
3581,3581,93,14,7
3582,3582,93,14,7
3583,3583,93,14,7
3355,3355,93,14,7
3580,3580,93,14,7
3473,3473,93,14,7
3472,3472,93,14,7
3467,3467,93,14,7
3691,3691,93,14,7
3233,3233,132,14,7
3234,3234,132,14,7
3235,3235,93,14,7
3690,3690,93,14,7
3238,3238,93,14,7
3694,3694,93,14,7
3239,3239,93,14,7
3241,3241,93,14,7
3236,3236,93,14,7
3237,3237,93,14,7
3468,3468,93,14,7
3469,3469,93,14,7
3470,3470,93,14,7
3471,3471,93,14,7
3240,3240,93,14,7
3584,3584,93,14,7
3353,3353,93,14,7
2997,2997,204,14,7
2748,2748,132,14,7
2749,2749,132,14,7
2750,2750,132,14,7
2751,2751,132,14,7
2752,2752,132,14,7
2753,2753,204,14,7
2754,2754,204,14,7
2878,2878,204,14,7
2879,2879,93,14,7
2880,2880,93,14,7
2508,2508,204,14,7
2507,2507,204,14,7
2506,2506,204,14,7
2505,2505,132,14,7
3113,3113,132,14,7
2747,2747,132,14,7
2877,2877,204,14,7
2876,2876,204,14,7
2875,2875,204,14,7
2629,2629,204,14,7
2630,2630,204,14,7
2631,2631,204,14,7
2632,2632,204,14,7
2633,2633,204,14,7
2996,2996,204,14,7
2628,2628,132,14,7
3114,3114,132,14,7
2627,2627,132,14,7
2625,2625,132,14,7
2624,2624,132,14,7
2870,2870,132,14,7
2871,2871,132,14,7
2872,2872,132,14,7
2873,2873,132,14,7
2874,2874,132,14,7
2626,2626,132,14,7
3115,3115,132,14,7
3354,3354,93,14,7
2755,2755,204,14,7
2995,2995,132,14,7
2994,2994,132,14,7
2993,2993,132,14,7
2992,2992,132,14,7
3122,3122,93,14,7
3121,3121,93,14,7
3116,3116,132,14,7
3119,3119,93,14,7
3118,3118,204,14,7
2998,2998,204,14,7
2999,2999,204,14,7
3000,3000,93,14,7
3001,3001,93,14,7
3002,3002,93,14,7
3120,3120,93,14,7
3117,3117,204,14,7
2756,2756,204,14,7
2501,2501,132,14,7
2502,2502,132,14,7
2504,2504,132,14,7
3650,3650,40,15,4
3536,3536,50,15,4
3760,3760,60,15,4
3759,3759,60,15,4
3758,3758,60,15,4
3193,3193,40,15,4
3757,3757,60,15,4
3070,3070,50,15,4
3071,3071,50,15,4
3074,3074,40,15,4
3756,3756,50,15,4
3537,3537,50,15,4
3075,3075,40,15,4
3755,3755,50,15,4
3194,3194,40,15,4
3195,3195,40,15,4
3076,3076,40,15,4
3077,3077,40,15,4
3072,3072,50,15,4
3538,3538,50,15,4
3540,3540,40,15,4
3649,3649,50,15,4
3651,3651,40,15,4
3196,3196,40,15,4
3648,3648,50,15,4
3647,3647,50,15,4
3860,3860,60,15,4
3652,3652,40,15,4
4160,4160,60,15,4
4159,4159,60,15,4
4158,4158,60,15,4
4157,4157,60,15,4
3190,3190,50,15,4
3191,3191,50,15,4
3192,3192,50,15,4
3653,3653,40,15,4
4250,4250,60,15,4
3761,3761,60,15,4
3543,3543,40,15,4
3542,3542,40,15,4
3541,3541,40,15,4
3539,3539,40,15,4
3861,3861,60,15,4
3073,3073,40,15,4
3863,3863,60,15,4
3311,3311,40,15,4
4063,4063,60,15,4
3309,3309,50,15,4
3308,3308,50,15,4
3307,3307,50,15,4
3429,3429,40,15,4
3428,3428,40,15,4
3427,3427,40,15,4
3426,3426,40,15,4
3425,3425,50,15,4
3424,3424,50,15,4
3423,3423,50,15,4
3422,3422,50,15,4
4066,4066,60,15,4
4065,4065,60,15,4
4064,4064,60,15,4
4062,4062,60,15,4
3962,3962,60,15,4
3963,3963,60,15,4
3310,3310,40,15,4
3965,3965,60,15,4
3864,3864,60,15,4
3314,3314,40,15,4
3865,3865,60,15,4
3866,3866,60,15,4
3964,3964,60,15,4
3968,3968,60,15,4
3967,3967,60,15,4
3862,3862,60,15,4
3312,3312,40,15,4
3313,3313,40,15,4
3966,3966,60,15,4
674,674,99,16,2
857,857,91,16,2
856,856,91,16,2
855,855,108,16,2
676,676,99,16,2
677,677,91,16,2
852,852,99,16,2
854,854,91,16,2
853,853,99,16,2
764,764,82,16,2
762,762,91,16,2
761,761,99,16,2
765,765,82,16,2
763,763,91,16,2
594,594,108,16,2
951,951,82,16,2
952,952,82,16,2
950,950,108,16,2
1052,1052,91,16,2
949,949,99,16,2
947,947,99,16,2
1051,1051,82,16,2
1050,1050,108,16,2
948,948,91,16,2
1048,1048,99,16,2
1047,1047,99,16,2
1046,1046,99,16,2
1049,1049,82,16,2
222,222,189,17,0
223,223,198,17,0
132,132,69,17,0
224,224,158,17,0
133,133,69,17,0
278,278,69,17,0
134,134,189,17,0
96,96,189,17,0
277,277,198,17,0
276,276,198,17,0
221,221,198,17,0
336,336,198,17,0
173,173,189,17,0
94,94,189,17,0
220,220,158,17,0
95,95,69,17,0
275,275,198,17,0
131,131,189,17,0
337,337,158,17,0
338,338,198,17,0
175,175,198,17,0
65,65,189,17,0
64,64,69,17,0
63,63,189,17,0
176,176,158,17,0
174,174,189,17,0
130,130,189,17,0
3365,3365,117,18,7
3254,3254,42,18,7
3366,3366,153,18,7
3705,3705,117,18,7
3704,3704,117,18,7
3367,3367,117,18,7
3485,3485,117,18,7
3369,3369,117,18,7
3253,3253,117,18,7
3252,3252,153,18,7
3596,3596,117,18,7
3597,3597,117,18,7
2890,2890,153,18,7
2891,2891,153,18,7
2892,2892,42,18,7
2893,2893,42,18,7
2895,2895,42,18,7
3251,3251,153,18,7
3368,3368,117,18,7
3250,3250,153,18,7
3248,3248,117,18,7
3595,3595,117,18,7
3594,3594,117,18,7
3481,3481,117,18,7
3482,3482,117,18,7
3483,3483,117,18,7
3484,3484,117,18,7
2889,2889,153,18,7
3371,3371,117,18,7
3370,3370,117,18,7
3135,3135,42,18,7
3134,3134,42,18,7
3249,3249,153,18,7
3136,3136,42,18,7
3016,3016,42,18,7
3015,3015,42,18,7
3133,3133,153,18,7
3132,3132,153,18,7
3131,3131,153,18,7
3130,3130,153,18,7
3014,3014,42,18,7
3013,3013,42,18,7
3012,3012,153,18,7
3010,3010,153,18,7
3011,3011,153,18,7
265,265,37,19,0
263,263,37,19,0
266,266,155,19,0
267,267,155,19,0
268,268,38,19,0
269,269,38,19,0
270,270,38,19,0
264,264,37,19,0
457,457,155,19,0
217,217,38,19,0
218,218,38,19,0
271,271,38,19,0
216,216,38,19,0
215,215,37,19,0
214,214,38,19,0
213,213,155,19,0
212,212,37,19,0
211,211,37,19,0
210,210,37,19,0
172,172,38,19,0
171,171,38,19,0
170,170,38,19,0
169,169,38,19,0
168,168,38,19,0
219,219,38,19,0
272,272,38,19,0
327,327,38,19,0
323,323,155,19,0
458,458,155,19,0
459,459,155,19,0
455,455,155,19,0
460,460,155,19,0
461,461,155,19,0
392,392,155,19,0
391,391,155,19,0
390,390,155,19,0
389,389,155,19,0
388,388,155,19,0
387,387,155,19,0
322,322,37,19,0
386,386,155,19,0
530,530,155,19,0
531,531,155,19,0
532,532,155,19,0
533,533,155,19,0
534,534,155,19,0
329,329,38,19,0
328,328,38,19,0
167,167,37,19,0
326,326,155,19,0
325,325,155,19,0
324,324,155,19,0
529,529,155,19,0
166,166,37,19,0
456,456,155,19,0
164,164,37,19,0
165,165,37,19,0
93,93,38,19,0
129,129,38,19,0
92,92,38,19,0
128,128,38,19,0
126,126,38,19,0
91,91,38,19,0
90,90,38,19,0
89,89,38,19,0
125,125,37,19,0
124,124,37,19,0
127,127,38,19,0
122,122,37,19,0
88,88,37,19,0
87,87,37,19,0
62,62,38,19,0
61,61,38,19,0
60,60,38,19,0
163,163,37,19,0
162,162,37,19,0
123,123,37,19,0
2155,2155,52,20,7
2154,2154,52,20,7
2153,2153,191,20,7
2394,2394,191,20,7
2395,2395,191,20,7
1673,1673,181,20,7
1674,1674,181,20,7
2524,2524,52,20,7
2526,2526,52,20,7
2525,2525,52,20,7
2523,2523,191,20,7
2522,2522,191,20,7
2156,2156,52,20,7
2519,2519,191,20,7
2520,2520,191,20,7
2521,2521,191,20,7
1675,1675,181,20,7
2527,2527,52,20,7
2644,2644,191,20,7
2894,2894,52,20,7
2280,2280,52,20,7
2279,2279,52,20,7
2278,2278,52,20,7
2277,2277,52,20,7
2276,2276,191,20,7
2275,2275,191,20,7
2274,2274,191,20,7
2273,2273,191,20,7
2272,2272,191,20,7
2271,2271,181,20,7
2281,2281,52,20,7
1672,1672,181,20,7
2282,2282,52,20,7
2157,2157,52,20,7
2642,2642,191,20,7
1558,1558,181,20,7
1557,1557,181,20,7
1556,1556,181,20,7
1555,1555,181,20,7
2643,2643,191,20,7
2645,2645,191,20,7
1669,1669,181,20,7
1670,1670,181,20,7
1671,1671,181,20,7
2159,2159,52,20,7
2396,2396,191,20,7
2518,2518,191,20,7
2398,2398,191,20,7
1914,1914,52,20,7
2032,2032,52,20,7
2397,2397,191,20,7
1912,1912,52,20,7
1911,1911,181,20,7
1910,1910,181,20,7
1909,1909,181,20,7
1908,1908,181,20,7
1907,1907,181,20,7
1906,1906,181,20,7
1905,1905,181,20,7
2031,2031,181,20,7
2030,2030,181,20,7
2029,2029,181,20,7
2028,2028,181,20,7
2027,2027,181,20,7
1786,1786,181,20,7
1787,1787,181,20,7
1788,1788,181,20,7
1789,1789,181,20,7
1790,1790,181,20,7
1791,1791,181,20,7
1792,1792,181,20,7
1793,1793,181,20,7
1794,1794,52,20,7
2026,2026,181,20,7
2767,2767,191,20,7
2766,2766,191,20,7
2148,2148,181,20,7
2768,2768,191,20,7
2769,2769,191,20,7
1913,1913,52,20,7
2034,2034,52,20,7
2650,2650,52,20,7
2649,2649,52,20,7
2648,2648,52,20,7
2647,2647,52,20,7
2033,2033,52,20,7
2646,2646,191,20,7
2151,2151,181,20,7
2035,2035,52,20,7
2651,2651,52,20,7
2152,2152,191,20,7
2399,2399,191,20,7
2400,2400,52,20,7
2401,2401,52,20,7
2402,2402,52,20,7
2403,2403,52,20,7
2404,2404,52,20,7
2149,2149,181,20,7
2773,2773,52,20,7
2772,2772,52,20,7
2771,2771,52,20,7
2770,2770,52,20,7
2150,2150,181,20,7
330,330,192,21,0
982,982,24,21,0
331,331,192,21,0
395,395,192,21,0
400,400,81,21,0
399,399,81,21,0
398,398,81,21,0
397,397,81,21,0
396,396,81,21,0
394,394,192,21,0
333,333,81,21,0
334,334,81,21,0
335,335,81,21,0
274,274,81,21,0
273,273,192,21,0
332,332,81,21,0
792,792,24,21,0
393,393,192,21,0
980,980,24,21,0
539,539,192,21,0
621,621,81,21,0
704,704,81,21,0
703,703,24,21,0
702,702,24,21,0
701,701,24,21,0
616,616,192,21,0
537,537,192,21,0
536,536,192,21,0
700,700,192,21,0
979,979,24,21,0
699,699,192,21,0
698,698,192,21,0
535,535,192,21,0
882,882,24,21,0
978,978,24,21,0
883,883,24,21,0
884,884,24,21,0
885,885,24,21,0
617,617,177,21,0
618,618,192,21,0
981,981,24,21,0
619,619,177,21,0
540,540,81,21,0
470,470,81,21,0
538,538,192,21,0
705,705,81,21,0
462,462,192,21,0
463,463,192,21,0
464,464,192,21,0
465,465,192,21,0
466,466,192,21,0
467,467,81,21,0
791,791,24,21,0
469,469,81,21,0
789,789,24,21,0
788,788,24,21,0
613,613,192,21,0
790,790,24,21,0
620,620,81,21,0
541,541,81,21,0
468,468,81,21,0
615,615,192,21,0
881,881,24,21,0
543,543,81,21,0
614,614,192,21,0
542,542,81,21,0
1924,1924,180,22,3
1926,1926,130,22,3
1351,1351,130,22,3
1350,1350,130,22,3
1235,1235,102,22,3
1240,1240,130,22,3
1348,1348,130,22,3
1236,1236,102,22,3
1237,1237,102,22,3
1238,1238,102,22,3
1239,1239,102,22,3
1241,1241,130,22,3
1349,1349,130,22,3
1347,1347,180,22,3
1456,1456,180,22,3
664,664,102,22,3
1132,1132,102,22,3
1133,1133,102,22,3
747,747,102,22,3
748,748,102,22,3
749,749,102,22,3
750,750,102,22,3
751,751,102,22,3
752,752,102,22,3
838,838,102,22,3
837,837,102,22,3
836,836,102,22,3
1134,1134,102,22,3
1135,1135,102,22,3
1136,1136,102,22,3
1137,1137,130,22,3
1131,1131,102,22,3
662,662,102,22,3
839,839,102,22,3
1130,1130,102,22,3
842,842,102,22,3
841,841,102,22,3
1462,1462,130,22,3
1461,1461,130,22,3
1460,1460,130,22,3
1459,1459,130,22,3
1458,1458,180,22,3
1457,1457,180,22,3
1242,1242,130,22,3
1803,1803,180,22,3
1804,1804,180,22,3
1805,1805,130,22,3
1806,1806,130,22,3
1807,1807,130,22,3
1455,1455,180,22,3
840,840,102,22,3
1243,1243,130,22,3
935,935,102,22,3
930,930,102,22,3
1685,1685,180,22,3
1684,1684,180,22,3
936,936,102,22,3
937,937,102,22,3
1031,1031,102,22,3
1571,1571,180,22,3
931,931,102,22,3
932,932,102,22,3
1030,1030,102,22,3
1570,1570,180,22,3
1029,1029,102,22,3
1028,1028,102,22,3
1567,1567,180,22,3
1569,1569,180,22,3
933,933,102,22,3
1686,1686,180,22,3
1687,1687,180,22,3
1688,1688,180,22,3
1573,1573,130,22,3
1034,1034,102,22,3
1033,1033,102,22,3
1032,1032,102,22,3
1576,1576,130,22,3
1575,1575,130,22,3
1346,1346,180,22,3
1574,1574,130,22,3
1689,1689,130,22,3
1568,1568,180,22,3
1345,1345,102,22,3
1344,1344,102,22,3
1343,1343,180,22,3
1035,1035,102,22,3
934,934,102,22,3
1691,1691,130,22,3
1690,1690,130,22,3
1572,1572,180,22,3
2377,2377,187,23,5
3220,3220,47,23,5
3221,3221,47,23,5
2500,2500,187,23,5
3223,3223,47,23,5
3226,3226,47,23,5
3227,3227,47,23,5
2980,2980,208,23,5
2621,2621,187,23,5
2622,2622,187,23,5
3111,3111,47,23,5
3110,3110,47,23,5
3109,3109,47,23,5
3108,3108,47,23,5
3107,3107,47,23,5
2623,2623,187,23,5
3222,3222,47,23,5
2620,2620,47,23,5
2612,2612,208,23,5
2618,2618,47,23,5
2990,2990,47,23,5
2371,2371,208,23,5
2372,2372,208,23,5
2373,2373,187,23,5
2374,2374,187,23,5
2375,2375,187,23,5
2376,2376,187,23,5
2989,2989,47,23,5
1887,1887,187,23,5
1885,1885,187,23,5
1884,1884,187,23,5
1883,1883,187,23,5
2866,2866,47,23,5
2867,2867,47,23,5
2868,2868,47,23,5
2869,2869,47,23,5
1886,1886,187,23,5
2619,2619,208,23,5
2988,2988,47,23,5
2986,2986,47,23,5
2617,2617,208,23,5
2616,2616,208,23,5
2615,2615,208,23,5
2614,2614,208,23,5
2613,2613,208,23,5
2369,2369,208,23,5
2370,2370,208,23,5
2987,2987,47,23,5
2611,2611,208,23,5
2864,2864,47,23,5
2865,2865,47,23,5
2981,2981,208,23,5
2982,2982,208,23,5
2983,2983,47,23,5
2984,2984,208,23,5
2985,2985,47,23,5
2610,2610,208,23,5
2120,2120,208,23,5
3104,3104,47,23,5
2979,2979,208,23,5
2739,2739,208,23,5
2740,2740,47,23,5
2742,2742,47,23,5
2743,2743,47,23,5
2856,2856,208,23,5
2130,2130,187,23,5
2131,2131,187,23,5
2738,2738,208,23,5
2254,2254,187,23,5
2857,2857,208,23,5
2858,2858,208,23,5
2365,2365,208,23,5
2366,2366,208,23,5
2003,2003,187,23,5
2859,2859,208,23,5
2860,2860,208,23,5
2253,2253,187,23,5
2004,2004,187,23,5
2737,2737,208,23,5
2735,2735,208,23,5
2498,2498,187,23,5
2497,2497,187,23,5
2496,2496,47,23,5
2495,2495,187,23,5
2494,2494,208,23,5
2493,2493,187,23,5
2492,2492,208,23,5
2736,2736,208,23,5
2491,2491,208,23,5
2000,2000,208,23,5
2001,2001,208,23,5
2002,2002,208,23,5
2128,2128,187,23,5
2127,2127,187,23,5
2126,2126,187,23,5
2734,2734,208,23,5
2129,2129,187,23,5
2005,2005,187,23,5
2006,2006,187,23,5
2007,2007,187,23,5
2245,2245,208,23,5
2244,2244,208,23,5
2243,2243,208,23,5
2242,2242,208,23,5
2241,2241,208,23,5
3100,3100,208,23,5
3101,3101,208,23,5
2246,2246,208,23,5
3102,3102,208,23,5
2367,2367,208,23,5
3105,3105,47,23,5
3106,3106,47,23,5
2368,2368,208,23,5
2123,2123,208,23,5
2122,2122,208,23,5
2978,2978,208,23,5
3103,3103,208,23,5
2247,2247,187,23,5
2746,2746,47,23,5
2745,2745,47,23,5
2008,2008,187,23,5
2009,2009,187,23,5
2861,2861,208,23,5
2862,2862,208,23,5
2863,2863,47,23,5
2490,2490,208,23,5
2489,2489,208,23,5
2488,2488,208,23,5
2252,2252,187,23,5
2251,2251,187,23,5
2250,2250,187,23,5
2249,2249,187,23,5
2248,2248,208,23,5
2487,2487,208,23,5
2125,2125,187,23,5
2124,2124,208,23,5
2744,2744,47,23,5
2121,2121,208,23,5
2741,2741,47,23,5
2499,2499,187,23,5
4292,4292,164,24,7
4015,4015,164,24,7
4016,4016,164,24,7
4017,4017,164,24,7
4018,4018,164,24,7
3707,3707,164,24,7
3706,3706,164,24,7
3703,3703,59,24,7
3702,3702,59,24,7
3701,3701,59,24,7
3700,3700,59,24,7
3699,3699,59,24,7
3698,3698,59,24,7
3697,3697,59,24,7
4014,4014,164,24,7
4291,4291,164,24,7
4293,4293,164,24,7
4294,4294,164,24,7
4295,4295,164,24,7
4106,4106,59,24,7
4107,4107,59,24,7
3593,3593,59,24,7
3592,3592,59,24,7
3591,3591,59,24,7
3590,3590,59,24,7
3589,3589,59,24,7
3588,3588,59,24,7
3587,3587,59,24,7
3586,3586,59,24,7
3917,3917,164,24,7
4013,4013,164,24,7
4012,4012,164,24,7
4011,4011,59,24,7
3916,3916,164,24,7
3915,3915,164,24,7
3914,3914,164,24,7
3913,3913,164,24,7
3912,3912,59,24,7
3911,3911,59,24,7
3910,3910,59,24,7
3909,3909,59,24,7
3908,3908,59,24,7
4373,4373,164,24,7
4372,4372,164,24,7
4008,4008,59,24,7
4009,4009,59,24,7
3814,3814,164,24,7
3813,3813,164,24,7
3812,3812,164,24,7
3811,3811,164,24,7
3810,3810,164,24,7
3809,3809,59,24,7
3808,3808,59,24,7
3807,3807,59,24,7
3806,3806,59,24,7
3805,3805,59,24,7
3804,3804,59,24,7
4010,4010,59,24,7
3803,3803,59,24,7
4288,4288,164,24,7
4289,4289,164,24,7
4290,4290,164,24,7
3480,3480,59,24,7
3479,3479,59,24,7
3918,3918,164,24,7
3477,3477,59,24,7
4375,4375,164,24,7
3363,3363,59,24,7
3474,3474,59,24,7
3475,3475,59,24,7
3476,3476,59,24,7
3364,3364,59,24,7
4115,4115,164,24,7
4114,4114,164,24,7
4207,4207,164,24,7
4206,4206,164,24,7
4205,4205,164,24,7
4204,4204,164,24,7
4113,4113,164,24,7
4374,4374,164,24,7
4203,4203,164,24,7
4111,4111,164,24,7
4201,4201,164,24,7
4377,4377,164,24,7
4376,4376,164,24,7
4200,4200,164,24,7
3478,3478,59,24,7
4108,4108,164,24,7
4112,4112,164,24,7
4109,4109,164,24,7
4202,4202,164,24,7
4110,4110,164,24,7
196,196,123,25,0
195,195,123,25,0
576,576,25,25,0
575,575,121,25,0
574,574,121,25,0
197,197,123,25,0
573,573,121,25,0
305,305,123,25,0
571,571,121,25,0
570,570,121,25,0
303,303,123,25,0
304,304,123,25,0
198,198,123,25,0
306,306,123,25,0
307,307,123,25,0
194,194,123,25,0
193,193,121,25,0
192,192,121,25,0
154,154,123,25,0
153,153,123,25,0
572,572,121,25,0
302,302,123,25,0
582,582,123,25,0
578,578,25,25,0
739,739,121,25,0
738,738,121,25,0
737,737,121,25,0
661,661,25,25,0
663,663,123,25,0
665,665,123,25,0
251,251,123,25,0
740,740,121,25,0
298,298,121,25,0
250,250,123,25,0
249,249,123,25,0
248,248,123,25,0
247,247,123,25,0
246,246,123,25,0
245,245,123,25,0
244,244,121,25,0
297,297,121,25,0
660,660,25,25,0
659,659,25,25,0
200,200,123,25,0
301,301,123,25,0
580,580,25,25,0
581,581,25,25,0
583,583,123,25,0
584,584,123,25,0
652,652,121,25,0
240,240,121,25,0
300,300,121,25,0
299,299,121,25,0
653,653,121,25,0
654,654,121,25,0
655,655,121,25,0
656,656,121,25,0
657,657,25,25,0
658,658,25,25,0
741,741,121,25,0
199,199,123,25,0
577,577,25,25,0
355,355,121,25,0
579,579,25,25,0
357,357,121,25,0
356,356,121,25,0
425,425,121,25,0
426,426,121,25,0
427,427,121,25,0
829,829,121,25,0
828,828,121,25,0
746,746,25,25,0
745,745,25,25,0
744,744,25,25,0
743,743,121,25,0
148,148,123,25,0
149,149,123,25,0
742,742,121,25,0
428,428,121,25,0
429,429,25,25,0
112,112,123,25,0
423,423,121,25,0
422,422,121,25,0
830,830,121,25,0
358,358,121,25,0
359,359,121,25,0
360,360,121,25,0
361,361,121,25,0
362,362,121,25,0
363,363,25,25,0
364,364,123,25,0
430,430,25,25,0
365,365,123,25,0
243,243,121,25,0
366,366,123,25,0
367,367,123,25,0
368,368,123,25,0
832,832,121,25,0
831,831,121,25,0
113,113,123,25,0
242,242,121,25,0
150,150,123,25,0
424,424,121,25,0
152,152,123,25,0
504,504,123,25,0
151,151,123,25,0
503,503,25,25,0
505,505,123,25,0
506,506,123,25,0
502,502,25,25,0
501,501,25,25,0
500,500,121,25,0
499,499,121,25,0
498,498,121,25,0
497,497,121,25,0
496,496,121,25,0
507,507,123,25,0
494,494,121,25,0
296,296,121,25,0
495,495,121,25,0
432,432,123,25,0
433,433,123,25,0
435,435,123,25,0
434,434,123,25,0
431,431,123,25,0
110,110,123,25,0
493,493,121,25,0
111,111,123,25,0
4121,4121,201,26,3
4122,4122,201,26,3
4123,4123,201,26,3
4212,4212,201,26,3
4028,4028,201,26,3
4029,4029,165,26,3
4213,4213,201,26,3
4124,4124,135,26,3
4129,4129,165,26,3
4126,4126,165,26,3
4131,4131,165,26,3
4130,4130,165,26,3
4030,4030,165,26,3
4031,4031,165,26,3
4033,4033,165,26,3
4214,4214,201,26,3
4032,4032,165,26,3
3925,3925,201,26,3
3926,3926,201,26,3
4125,4125,165,26,3
3927,3927,201,26,3
4024,4024,201,26,3
3929,3929,201,26,3
4208,4208,201,26,3
4222,4222,165,26,3
4034,4034,165,26,3
4117,4117,201,26,3
4209,4209,201,26,3
4210,4210,201,26,3
4211,4211,201,26,3
4023,4023,201,26,3
4221,4221,165,26,3
4118,4118,201,26,3
4119,4119,201,26,3
4120,4120,201,26,3
4220,4220,165,26,3
4219,4219,165,26,3
4218,4218,165,26,3
4217,4217,165,26,3
4025,4025,201,26,3
4026,4026,201,26,3
4216,4216,165,26,3
4215,4215,135,26,3
3934,3934,165,26,3
3931,3931,165,26,3
3930,3930,165,26,3
3928,3928,201,26,3
4027,4027,201,26,3
4127,4127,165,26,3
4463,4463,135,26,3
4608,4608,135,26,3
4298,4298,201,26,3
4299,4299,201,26,3
4461,4461,201,26,3
4462,4462,135,26,3
4464,4464,135,26,3
4465,4465,135,26,3
4466,4466,135,26,3
4467,4467,165,26,3
4300,4300,201,26,3
4301,4301,135,26,3
4302,4302,201,26,3
4303,4303,135,26,3
3717,3717,201,26,3
4304,4304,135,26,3
4306,4306,165,26,3
4307,4307,165,26,3
4468,4468,165,26,3
4308,4308,165,26,3
4536,4536,135,26,3
4309,4309,165,26,3
4537,4537,135,26,3
4538,4538,135,26,3
4539,4539,135,26,3
4540,4540,165,26,3
4541,4541,165,26,3
4606,4606,135,26,3
4607,4607,135,26,3
4305,4305,165,26,3
4128,4128,165,26,3
4670,4670,135,26,3
4388,4388,165,26,3
3825,3825,201,26,3
3823,3823,201,26,3
3824,3824,201,26,3
4391,4391,165,26,3
4389,4389,165,26,3
4390,4390,165,26,3
4386,4386,135,26,3
4385,4385,135,26,3
4384,4384,201,26,3
4383,4383,201,26,3
4382,4382,201,26,3
4387,4387,135,26,3
2782,2782,104,27,3
1925,1925,2,27,3
2783,2783,104,27,3
2781,2781,104,27,3
2776,2776,124,27,3
2779,2779,104,27,3
2778,2778,124,27,3
2777,2777,124,27,3
1923,1923,2,27,3
2775,2775,124,27,3
2284,2284,124,27,3
2780,2780,104,27,3
1922,1922,2,27,3
2283,2283,124,27,3
1920,1920,2,27,3
1802,1802,2,27,3
1801,1801,2,27,3
2659,2659,104,27,3
2658,2658,104,27,3
2286,2286,124,27,3
2287,2287,2,27,3
2288,2288,2,27,3
1921,1921,2,27,3
2657,2657,104,27,3
2655,2655,124,27,3
2654,2654,124,27,3
2289,2289,104,27,3
2290,2290,2,27,3
2653,2653,124,27,3
2652,2652,124,27,3
1919,1919,2,27,3
2656,2656,104,27,3
2285,2285,2,27,3
2528,2528,124,27,3
2160,2160,124,27,3
2412,2412,104,27,3
2413,2413,104,27,3
2536,2536,104,27,3
2535,2535,104,27,3
2534,2534,104,27,3
2039,2039,124,27,3
2040,2040,124,27,3
2041,2041,2,27,3
2042,2042,2,27,3
2043,2043,2,27,3
2044,2044,2,27,3
2045,2045,2,27,3
2533,2533,104,27,3
2532,2532,124,27,3
2531,2531,124,27,3
2530,2530,124,27,3
2529,2529,124,27,3
2411,2411,104,27,3
2409,2409,104,27,3
2410,2410,124,27,3
2902,2902,104,27,3
2161,2161,124,27,3
2162,2162,124,27,3
2407,2407,124,27,3
2406,2406,124,27,3
2405,2405,124,27,3
2414,2414,104,27,3
2537,2537,104,27,3
2905,2905,104,27,3
2168,2168,2,27,3
2408,2408,124,27,3
2167,2167,104,27,3
2166,2166,2,27,3
2163,2163,2,27,3
2164,2164,2,27,3
2165,2165,2,27,3
2852,2852,12,28,5
2849,2849,12,28,5
2851,2851,12,28,5
2850,2850,12,28,5
2854,2854,173,28,5
2853,2853,173,28,5
2969,2969,12,28,5
2970,2970,12,28,5
2607,2607,173,28,5
2977,2977,173,28,5
2976,2976,173,28,5
2975,2975,173,28,5
2974,2974,173,28,5
2973,2973,173,28,5
2972,2972,173,28,5
2971,2971,173,28,5
2855,2855,173,28,5
2848,2848,12,28,5
2847,2847,12,28,5
2732,2732,173,28,5
3209,3209,49,28,5
3210,3210,12,28,5
3211,3211,12,28,5
3779,3779,163,28,5
3212,3212,173,28,5
3213,3213,173,28,5
3215,3215,173,28,5
3214,3214,163,28,5
3093,3093,12,28,5
3096,3096,173,28,5
3095,3095,173,28,5
3094,3094,173,28,5
3773,3773,49,28,5
2733,2733,173,28,5
2727,2727,12,28,5
2730,2730,173,28,5
3216,3216,163,28,5
2726,2726,12,28,5
3671,3671,163,28,5
3670,3670,49,28,5
3669,3669,163,28,5
2725,2725,12,28,5
3668,3668,163,28,5
3208,3208,12,28,5
3217,3217,173,28,5
3097,3097,173,28,5
3099,3099,173,28,5
3667,3667,49,28,5
2728,2728,12,28,5
3666,3666,49,28,5
3664,3664,49,28,5
2729,2729,173,28,5
3098,3098,173,28,5
3219,3219,173,28,5
3775,3775,163,28,5
3091,3091,12,28,5
3442,3442,49,28,5
3441,3441,49,28,5
3440,3440,49,28,5
3325,3325,49,28,5
3326,3326,49,28,5
3327,3327,49,28,5
3443,3443,163,28,5
3328,3328,49,28,5
3330,3330,173,28,5
3331,3331,173,28,5
3332,3332,173,28,5
3333,3333,163,28,5
3334,3334,163,28,5
3335,3335,163,28,5
3329,3329,12,28,5
3092,3092,12,28,5
3444,3444,163,28,5
3446,3446,163,28,5
3090,3090,12,28,5
3562,3562,163,28,5
3561,3561,163,28,5
3560,3560,163,28,5
3559,3559,49,28,5
3558,3558,49,28,5
3445,3445,163,28,5
3557,3557,49,28,5
3555,3555,49,28,5
3554,3554,49,28,5
3553,3553,49,28,5
3449,3449,163,28,5
3448,3448,163,28,5
3447,3447,163,28,5
3556,3556,49,28,5
3218,3218,173,28,5
2336,2336,127,29,4
2091,2091,127,29,4
2092,2092,210,29,4
2458,2458,127,29,4
2094,2094,210,29,4
2832,2832,71,29,4
2955,2955,71,29,4
2954,2954,71,29,4
2953,2953,71,29,4
2952,2952,71,29,4
2951,2951,127,29,4
2950,2950,127,29,4
2949,2949,127,29,4
2093,2093,210,29,4
2457,2457,127,29,4
2460,2460,127,29,4
2461,2461,210,29,4
2462,2462,210,29,4
2463,2463,210,29,4
2464,2464,210,29,4
2833,2833,71,29,4
2096,2096,210,29,4
2095,2095,210,29,4
2459,2459,127,29,4
2213,2213,127,29,4
2706,2706,127,29,4
2215,2215,210,29,4
2337,2337,210,29,4
2335,2335,127,29,4
2580,2580,127,29,4
2581,2581,127,29,4
2582,2582,127,29,4
2583,2583,127,29,4
2584,2584,127,29,4
2585,2585,210,29,4
2586,2586,210,29,4
2587,2587,210,29,4
2588,2588,210,29,4
2831,2831,71,29,4
2830,2830,71,29,4
2829,2829,71,29,4
2828,2828,127,29,4
2827,2827,127,29,4
1973,1973,210,29,4
1972,1972,210,29,4
1971,1971,210,29,4
2214,2214,210,29,4
2339,2339,210,29,4
2338,2338,210,29,4
2704,2704,127,29,4
2216,2216,210,29,4
2217,2217,210,29,4
2710,2710,71,29,4
2709,2709,71,29,4
2708,2708,71,29,4
2707,2707,71,29,4
2218,2218,210,29,4
2340,2340,210,29,4
2705,2705,127,29,4
1500,1500,67,30,4
1388,1388,67,30,4
1387,1387,67,30,4
1280,1280,67,30,4
1385,1385,67,30,4
1389,1389,67,30,4
689,689,56,30,4
1386,1386,67,30,4
1384,1384,67,30,4
609,609,56,30,4
608,608,56,30,4
610,610,56,30,4
611,611,56,30,4
612,612,13,30,4
1275,1275,67,30,4
1499,1499,67,30,4
1276,1276,67,30,4
1498,1498,67,30,4
1278,1278,67,30,4
1279,1279,67,30,4
607,607,56,30,4
1174,1174,67,30,4
1277,1277,67,30,4
1172,1172,67,30,4
970,970,13,30,4
969,969,67,30,4
777,777,56,30,4
967,967,56,30,4
966,966,56,30,4
965,965,56,30,4
783,783,13,30,4
782,782,13,30,4
781,781,56,30,4
868,868,56,30,4
1067,1067,67,30,4
971,971,13,30,4
869,869,56,30,4
1068,1068,67,30,4
871,871,56,30,4
872,872,56,30,4
873,873,67,30,4
874,874,13,30,4
875,875,13,30,4
876,876,13,30,4
877,877,13,30,4
878,878,13,30,4
780,780,56,30,4
779,779,56,30,4
870,870,56,30,4
1066,1066,67,30,4
968,968,67,30,4
1065,1065,56,30,4
690,690,56,30,4
691,691,56,30,4
692,692,56,30,4
693,693,56,30,4
1069,1069,67,30,4
1070,1070,67,30,4
1071,1071,67,30,4
973,973,13,30,4
972,972,13,30,4
1072,1072,13,30,4
694,694,56,30,4
1173,1173,67,30,4
1168,1168,67,30,4
778,778,56,30,4
786,786,13,30,4
784,784,13,30,4
1169,1169,67,30,4
785,785,13,30,4
1170,1170,67,30,4
1171,1171,67,30,4
697,697,13,30,4
696,696,13,30,4
787,787,13,30,4
695,695,13,30,4
923,923,23,31,3
1451,1451,178,31,3
2036,2036,34,31,3
1444,1444,23,31,3
1445,1445,23,31,3
1447,1447,23,31,3
1448,1448,23,31,3
1449,1449,23,31,3
1453,1453,34,31,3
1452,1452,34,31,3
1450,1450,34,31,3
1454,1454,34,31,3
927,927,178,31,3
925,925,178,31,3
1917,1917,34,31,3
1916,1916,34,31,3
1915,1915,34,31,3
1795,1795,34,31,3
1796,1796,34,31,3
1797,1797,34,31,3
1798,1798,34,31,3
1799,1799,34,31,3
1800,1800,34,31,3
1027,1027,178,31,3
1026,1026,178,31,3
1025,1025,178,31,3
1024,1024,178,31,3
1023,1023,178,31,3
1022,1022,23,31,3
1918,1918,34,31,3
1683,1683,34,31,3
1682,1682,34,31,3
1681,1681,34,31,3
926,926,178,31,3
1559,1559,23,31,3
1560,1560,23,31,3
1561,1561,23,31,3
1562,1562,34,31,3
1563,1563,34,31,3
1564,1564,34,31,3
924,924,23,31,3
1565,1565,34,31,3
928,928,178,31,3
929,929,178,31,3
1676,1676,23,31,3
1677,1677,34,31,3
1678,1678,34,31,3
1679,1679,34,31,3
1680,1680,34,31,3
1566,1566,34,31,3
2037,2037,34,31,3
1446,1446,23,31,3
1021,1021,23,31,3
1341,1341,178,31,3
1340,1340,34,31,3
1339,1339,34,31,3
1338,1338,23,31,3
1123,1123,23,31,3
1336,1336,23,31,3
1335,1335,23,31,3
1334,1334,23,31,3
1129,1129,178,31,3
1128,1128,178,31,3
1127,1127,178,31,3
1126,1126,178,31,3
1125,1125,178,31,3
1124,1124,23,31,3
1121,1121,23,31,3
1342,1342,34,31,3
833,833,178,31,3
1337,1337,23,31,3
2158,2158,34,31,3
1226,1226,23,31,3
835,835,178,31,3
834,834,178,31,3
1228,1228,23,31,3
1229,1229,23,31,3
1230,1230,23,31,3
1231,1231,178,31,3
1232,1232,178,31,3
1227,1227,23,31,3
1122,1122,23,31,3
1020,1020,23,31,3
2038,2038,34,31,3
1234,1234,178,31,3
1233,1233,178,31,3
260,260,148,32,2
261,261,148,32,2
262,262,148,32,2
957,957,55,32,2
960,960,137,32,2
959,959,137,32,2
958,958,137,32,2
378,378,148,32,2
385,385,137,32,2
381,381,148,32,2
382,382,148,32,2
383,383,148,32,2
956,956,55,32,2
955,955,55,32,2
954,954,55,32,2
384,384,137,32,2
379,379,148,32,2
380,380,148,32,2
316,316,148,32,2
678,678,148,32,2
1058,1058,137,32,2
1059,1059,137,32,2
1060,1060,137,32,2
688,688,137,32,2
687,687,137,32,2
686,686,137,32,2
685,685,137,32,2
684,684,137,32,2
1162,1162,137,32,2
683,683,55,32,2
766,766,148,32,2
317,317,148,32,2
318,318,148,32,2
319,319,148,32,2
320,320,148,32,2
321,321,148,32,2
961,961,137,32,2
682,682,55,32,2
681,681,55,32,2
680,680,148,32,2
679,679,148,32,2
259,259,148,32,2
767,767,55,32,2
858,858,55,32,2
209,209,148,32,2
450,450,148,32,2
451,451,148,32,2
452,452,137,32,2
453,453,137,32,2
454,454,137,32,2
599,599,148,32,2
598,598,55,32,2
597,597,148,32,2
596,596,148,32,2
595,595,148,32,2
866,866,137,32,2
865,865,137,32,2
864,864,137,32,2
863,863,137,32,2
862,862,55,32,2
861,861,55,32,2
860,860,55,32,2
859,859,55,32,2
518,518,148,32,2
519,519,148,32,2
520,520,148,32,2
521,521,148,32,2
522,522,148,32,2
523,523,148,32,2
524,524,137,32,2
525,525,137,32,2
526,526,137,32,2
527,527,137,32,2
528,528,137,32,2
449,449,148,32,2
768,768,55,32,2
448,448,148,32,2
600,600,55,32,2
208,208,148,32,2
769,769,55,32,2
770,770,55,32,2
772,772,137,32,2
773,773,137,32,2
774,774,137,32,2
447,447,148,32,2
776,776,137,32,2
606,606,137,32,2
775,775,137,32,2
771,771,55,32,2
601,601,148,32,2
446,446,148,32,2
602,602,137,32,2
603,603,137,32,2
604,604,137,32,2
605,605,137,32,2
445,445,148,32,2
2718,2718,21,33,4
2717,2717,21,33,4
2723,2723,21,33,4
2846,2846,21,33,4
2724,2724,21,33,4
2843,2843,21,33,4
2842,2842,21,33,4
2841,2841,21,33,4
2840,2840,21,33,4
2722,2722,21,33,4
2721,2721,21,33,4
2719,2719,21,33,4
2720,2720,21,33,4
2844,2844,21,33,4
2845,2845,21,33,4
1866,1866,14,33,4
2601,2601,14,33,4
1985,1985,14,33,4
1986,1986,14,33,4
1987,1987,14,33,4
1517,1517,195,33,4
1516,1516,195,33,4
1515,1515,195,33,4
1514,1514,195,33,4
1513,1513,195,33,4
1512,1512,195,33,4
1511,1511,195,33,4
1510,1510,195,33,4
1404,1404,195,33,4
1984,1984,63,33,4
1403,1403,195,33,4
1401,1401,195,33,4
1400,1400,195,33,4
3207,3207,21,33,4
3206,3206,21,33,4
3205,3205,21,33,4
3204,3204,21,33,4
1294,1294,195,33,4
2102,2102,63,33,4
2103,2103,63,33,4
2104,2104,63,33,4
2105,2105,63,33,4
2106,2106,14,33,4
1402,1402,195,33,4
2107,2107,14,33,4
1983,1983,63,33,4
1981,1981,195,33,4
1865,1865,14,33,4
1864,1864,195,33,4
1863,1863,195,33,4
1862,1862,195,33,4
1861,1861,195,33,4
1860,1860,195,33,4
1859,1859,195,33,4
3324,3324,21,33,4
1858,1858,195,33,4
1748,1748,195,33,4
1747,1747,195,33,4
1746,1746,195,33,4
1982,1982,195,33,4
1745,1745,195,33,4
1743,1743,195,33,4
1742,1742,195,33,4
1741,1741,195,33,4
1631,1631,195,33,4
1630,1630,195,33,4
1629,1629,195,33,4
1628,1628,195,33,4
1627,1627,195,33,4
1626,1626,195,33,4
1625,1625,195,33,4
1979,1979,195,33,4
1980,1980,195,33,4
1744,1744,195,33,4
2602,2602,14,33,4
2108,2108,14,33,4
1293,1293,195,33,4
2351,2351,14,33,4
2352,2352,14,33,4
2353,2353,14,33,4
2354,2354,14,33,4
2355,2355,14,33,4
2968,2968,21,33,4
2967,2967,21,33,4
2966,2966,21,33,4
2965,2965,21,33,4
2964,2964,21,33,4
2963,2963,21,33,4
2962,2962,21,33,4
2350,2350,21,33,4
2471,2471,21,33,4
2473,2473,21,33,4
2474,2474,21,33,4
2475,2475,21,33,4
2476,2476,14,33,4
2477,2477,14,33,4
2478,2478,14,33,4
2595,2595,21,33,4
2596,2596,21,33,4
2597,2597,21,33,4
2598,2598,21,33,4
2599,2599,21,33,4
2600,2600,21,33,4
2472,2472,21,33,4
2109,2109,14,33,4
2349,2349,21,33,4
1867,1867,14,33,4
1292,1292,195,33,4
1291,1291,195,33,4
1290,1290,195,33,4
1289,1289,195,33,4
1186,1186,195,33,4
1185,1185,195,33,4
1184,1184,195,33,4
1183,1183,195,33,4
1081,1081,195,33,4
1080,1080,195,33,4
1079,1079,195,33,4
2225,2225,63,33,4
2348,2348,63,33,4
2226,2226,63,33,4
2228,2228,14,33,4
2229,2229,14,33,4
2230,2230,14,33,4
2231,2231,14,33,4
2232,2232,14,33,4
3089,3089,21,33,4
3088,3088,21,33,4
3087,3087,21,33,4
3086,3086,21,33,4
3085,3085,21,33,4
3084,3084,21,33,4
3083,3083,21,33,4
2227,2227,63,33,4
1399,1399,195,33,4
0,0,120,34,0
30,30,20,34,0
115,115,20,34,0
120,120,57,34,0
121,121,57,34,0
19,19,120,34,0
18,18,57,34,0
17,17,120,34,0
28,28,20,34,0
29,29,20,34,0
16,16,57,34,0
15,15,20,34,0
14,14,20,34,0
59,59,57,34,0
58,58,57,34,0
13,13,20,34,0
12,12,20,34,0
114,114,20,34,0
86,86,57,34,0
85,85,20,34,0
26,26,20,34,0
81,81,20,34,0
78,78,20,34,0
57,57,20,34,0
56,56,57,34,0
55,55,20,34,0
77,77,20,34,0
82,82,20,34,0
80,80,20,34,0
83,83,20,34,0
84,84,20,34,0
20,20,120,34,0
21,21,120,34,0
22,22,120,34,0
23,23,120,34,0
24,24,120,34,0
25,25,120,34,0
1,1,120,34,0
10,10,120,34,0
11,11,120,34,0
4,4,57,34,0
6,6,57,34,0
9,9,120,34,0
7,7,120,34,0
8,8,120,34,0
53,53,20,34,0
52,52,20,34,0
51,51,20,34,0
5,5,57,34,0
37,37,57,34,0
49,49,20,34,0
46,46,120,34,0
42,42,120,34,0
41,41,120,34,0
40,40,120,34,0
39,39,120,34,0
38,38,120,34,0
50,50,20,34,0
3,3,120,34,0
79,79,20,34,0
2,2,120,34,0
54,54,20,34,0
32,32,20,34,0
33,33,57,34,0
31,31,20,34,0
35,35,57,34,0
36,36,57,34,0
34,34,57,34,0
3431,3431,169,35,4
3971,3971,125,35,4
3970,3970,125,35,4
3969,3969,125,35,4
3974,3974,125,35,4
3203,3203,103,35,4
3202,3202,169,35,4
4067,4067,125,35,4
3200,3200,169,35,4
3430,3430,169,35,4
3972,3972,125,35,4
4068,4068,125,35,4
3433,3433,169,35,4
3432,3432,169,35,4
3201,3201,169,35,4
3973,3973,125,35,4
4161,4161,125,35,4
4070,4070,125,35,4
4253,4253,125,35,4
4252,4252,125,35,4
4251,4251,125,35,4
3315,3315,169,35,4
3316,3316,169,35,4
3317,3317,169,35,4
3318,3318,169,35,4
3319,3319,169,35,4
4069,4069,125,35,4
3320,3320,103,35,4
3322,3322,103,35,4
3323,3323,103,35,4
4163,4163,125,35,4
4162,4162,125,35,4
2961,2961,169,35,4
2960,2960,169,35,4
4071,4071,125,35,4
3434,3434,169,35,4
3321,3321,103,35,4
3435,3435,103,35,4
3873,3873,125,35,4
3437,3437,103,35,4
3079,3079,169,35,4
3080,3080,169,35,4
3546,3546,125,35,4
3082,3082,169,35,4
3770,3770,103,35,4
3769,3769,103,35,4
3768,3768,103,35,4
3767,3767,103,35,4
3766,3766,125,35,4
3765,3765,125,35,4
3662,3662,103,35,4
3663,3663,103,35,4
3764,3764,125,35,4
3763,3763,125,35,4
3762,3762,125,35,4
3436,3436,103,35,4
3552,3552,103,35,4
3551,3551,103,35,4
3550,3550,103,35,4
3549,3549,103,35,4
3544,3544,169,35,4
3548,3548,103,35,4
3547,3547,169,35,4
3078,3078,169,35,4
3867,3867,125,35,4
3081,3081,169,35,4
3661,3661,103,35,4
3438,3438,103,35,4
3439,3439,103,35,4
3199,3199,169,35,4
3874,3874,103,35,4
3872,3872,125,35,4
3871,3871,125,35,4
3870,3870,125,35,4
3868,3868,125,35,4
3198,3198,169,35,4
3197,3197,169,35,4
3869,3869,125,35,4
3655,3655,125,35,4
3660,3660,103,35,4
3659,3659,103,35,4
3658,3658,125,35,4
3657,3657,125,35,4
3656,3656,125,35,4
3654,3654,125,35,4
3545,3545,169,35,4
2203,2203,26,36,4
2204,2204,26,36,4
1964,1964,202,36,4
2201,2201,26,36,4
1962,1962,26,36,4
1967,1967,202,36,4
2205,2205,26,36,4
1966,1966,202,36,4
2206,2206,26,36,4
2207,2207,26,36,4
1965,1965,202,36,4
2090,2090,202,36,4
2202,2202,26,36,4
1963,1963,202,36,4
2210,2210,202,36,4
2333,2333,202,36,4
1961,1961,26,36,4
2078,2078,26,36,4
2079,2079,26,36,4
2080,2080,26,36,4
2081,2081,26,36,4
1496,1496,202,36,4
2082,2082,26,36,4
2083,2083,26,36,4
2084,2084,26,36,4
2085,2085,202,36,4
2086,2086,202,36,4
2087,2087,202,36,4
2088,2088,202,36,4
2089,2089,202,36,4
1970,1970,202,36,4
1969,1969,202,36,4
1968,1968,202,36,4
2212,2212,202,36,4
2211,2211,202,36,4
2325,2325,26,36,4
2326,2326,26,36,4
2327,2327,26,36,4
2328,2328,26,36,4
2209,2209,202,36,4
2329,2329,26,36,4
2208,2208,202,36,4
2330,2330,202,36,4
2331,2331,202,36,4
2332,2332,202,36,4
2334,2334,202,36,4
1960,1960,26,36,4
1497,1497,202,36,4
1958,1958,26,36,4
1272,1272,161,36,4
1271,1271,161,36,4
1270,1270,161,36,4
2579,2579,202,36,4
2578,2578,202,36,4
2576,2576,26,36,4
2575,2575,26,36,4
2574,2574,26,36,4
2573,2573,26,36,4
2572,2572,26,36,4
2571,2571,26,36,4
1269,1269,161,36,4
1268,1268,161,36,4
1718,1718,161,36,4
1719,1719,161,36,4
1720,1720,161,36,4
1721,1721,161,36,4
1722,1722,161,36,4
1723,1723,161,36,4
1959,1959,26,36,4
1725,1725,202,36,4
1726,1726,202,36,4
1727,1727,202,36,4
1728,1728,202,36,4
1729,1729,202,36,4
1273,1273,161,36,4
1730,1730,202,36,4
1274,1274,161,36,4
1378,1378,161,36,4
1495,1495,161,36,4
1494,1494,161,36,4
1493,1493,161,36,4
1492,1492,161,36,4
1491,1491,161,36,4
1490,1490,161,36,4
1489,1489,161,36,4
1602,1602,161,36,4
1603,1603,161,36,4
1604,1604,161,36,4
1605,1605,161,36,4
1606,1606,161,36,4
1607,1607,161,36,4
1608,1608,161,36,4
1609,1609,202,36,4
1610,1610,202,36,4
1611,1611,202,36,4
1612,1612,202,36,4
1613,1613,202,36,4
1614,1614,202,36,4
1383,1383,161,36,4
1382,1382,161,36,4
1381,1381,161,36,4
1380,1380,161,36,4
1379,1379,161,36,4
1377,1377,161,36,4
1731,1731,202,36,4
1724,1724,161,36,4
1167,1167,161,36,4
1846,1846,202,36,4
2456,2456,202,36,4
2455,2455,202,36,4
2454,2454,202,36,4
2453,2453,26,36,4
2452,2452,26,36,4
2451,2451,26,36,4
2449,2449,26,36,4
2448,2448,26,36,4
1847,1847,202,36,4
1848,1848,202,36,4
1849,1849,202,36,4
1850,1850,202,36,4
1064,1064,161,36,4
1063,1063,161,36,4
1062,1062,161,36,4
1061,1061,161,36,4
964,964,161,36,4
963,963,161,36,4
962,962,161,36,4
867,867,161,36,4
1956,1956,26,36,4
1957,1957,26,36,4
1845,1845,202,36,4
1844,1844,202,36,4
2450,2450,26,36,4
1842,1842,26,36,4
1841,1841,161,36,4
1840,1840,26,36,4
1839,1839,161,36,4
1838,1838,161,36,4
1837,1837,161,36,4
1836,1836,161,36,4
1843,1843,202,36,4
1166,1166,161,36,4
1163,1163,161,36,4
1165,1165,161,36,4
1164,1164,161,36,4
3051,3051,96,37,6
3052,3052,150,37,6
2807,2807,150,37,6
2805,2805,196,37,6
2806,2806,96,37,6
2808,2808,150,37,6
2809,2809,150,37,6
3288,3288,150,37,6
3050,3050,196,37,6
2928,2928,196,37,6
2926,2926,196,37,6
2929,2929,196,37,6
2930,2930,150,37,6
2686,2686,150,37,6
2685,2685,196,37,6
2684,2684,150,37,6
2931,2931,150,37,6
2932,2932,150,37,6
3170,3170,96,37,6
3169,3169,196,37,6
3049,3049,96,37,6
3287,3287,196,37,6
3277,3277,160,38,6
3276,3276,160,38,6
2179,2179,88,38,6
3159,3159,160,38,6
3160,3160,160,38,6
3161,3161,160,38,6
3162,3162,160,38,6
3163,3163,160,38,6
3393,3393,160,38,6
2060,2060,88,38,6
2800,2800,10,38,6
3158,3158,160,38,6
2180,2180,88,38,6
2801,2801,10,38,6
2182,2182,88,38,6
2549,2549,88,38,6
2548,2548,88,38,6
2917,2917,160,38,6
2918,2918,160,38,6
2919,2919,160,38,6
2920,2920,10,38,6
2921,2921,10,38,6
2922,2922,10,38,6
2923,2923,160,38,6
2181,2181,88,38,6
2302,2302,88,38,6
2303,2303,88,38,6
2305,2305,88,38,6
2306,2306,88,38,6
2307,2307,88,38,6
2430,2430,10,38,6
2429,2429,88,38,6
2428,2428,88,38,6
2427,2427,88,38,6
2426,2426,88,38,6
2425,2425,88,38,6
3044,3044,160,38,6
3043,3043,160,38,6
3042,3042,160,38,6
3041,3041,160,38,6
3040,3040,160,38,6
3039,3039,160,38,6
3038,3038,160,38,6
3037,3037,160,38,6
2550,2550,88,38,6
2551,2551,88,38,6
2304,2304,88,38,6
2553,2553,10,38,6
2183,2183,88,38,6
2675,2675,10,38,6
2676,2676,10,38,6
2677,2677,10,38,6
2678,2678,10,38,6
2672,2672,88,38,6
2794,2794,88,38,6
2795,2795,160,38,6
2796,2796,88,38,6
2797,2797,88,38,6
2798,2798,160,38,6
2799,2799,10,38,6
2552,2552,10,38,6
2674,2674,88,38,6
2673,2673,88,38,6
2554,2554,10,38,6
2184,2184,88,38,6
2671,2671,88,38,6
4456,4456,184,39,7
4455,4455,184,39,7
4454,4454,184,39,7
4453,4453,175,39,7
4452,4452,175,39,7
4457,4457,184,39,7
4458,4458,184,39,7
4777,4777,94,39,7
4780,4780,184,39,7
4526,4526,175,39,7
4525,4525,175,39,7
4460,4460,184,39,7
4459,4459,184,39,7
4959,4959,94,39,7
4958,4958,94,39,7
4781,4781,184,39,7
4772,4772,175,39,7
4774,4774,94,39,7
4775,4775,94,39,7
4776,4776,94,39,7
4451,4451,175,39,7
4778,4778,94,39,7
4779,4779,94,39,7
4773,4773,175,39,7
4381,4381,184,39,7
4820,4820,175,39,7
4379,4379,184,39,7
4901,4901,94,39,7
4902,4902,94,39,7
4869,4869,94,39,7
4903,4903,94,39,7
4904,4904,94,39,7
4905,4905,94,39,7
4931,4931,94,39,7
4932,4932,94,39,7
4933,4933,94,39,7
4934,4934,94,39,7
4868,4868,94,39,7
4867,4867,94,39,7
4935,4935,94,39,7
4865,4865,94,39,7
4864,4864,94,39,7
4863,4863,94,39,7
4828,4828,94,39,7
4527,4527,175,39,7
4827,4827,94,39,7
4826,4826,94,39,7
4825,4825,94,39,7
4824,4824,94,39,7
4823,4823,94,39,7
4822,4822,94,39,7
4821,4821,175,39,7
4957,4957,94,39,7
4296,4296,184,39,7
4297,4297,184,39,7
4378,4378,184,39,7
4380,4380,184,39,7
4528,4528,184,39,7
4866,4866,94,39,7
4530,4530,184,39,7
4659,4659,175,39,7
4593,4593,175,39,7
4717,4717,175,39,7
4718,4718,175,39,7
4594,4594,175,39,7
4661,4661,175,39,7
4660,4660,175,39,7
4529,4529,184,39,7
4728,4728,184,39,7
4599,4599,184,39,7
4658,4658,175,39,7
4600,4600,184,39,7
4724,4724,184,39,7
4723,4723,184,39,7
4722,4722,175,39,7
4721,4721,175,39,7
4720,4720,175,39,7
4719,4719,175,39,7
4605,4605,184,39,7
4604,4604,184,39,7
4603,4603,184,39,7
4602,4602,184,39,7
4601,4601,184,39,7
4657,4657,175,39,7
4716,4716,175,39,7
4665,4665,184,39,7
4532,4532,184,39,7
4531,4531,184,39,7
4663,4663,184,39,7
4534,4534,184,39,7
4535,4535,184,39,7
4664,4664,184,39,7
4662,4662,175,39,7
4595,4595,175,39,7
4533,4533,184,39,7
4596,4596,175,39,7
4597,4597,175,39,7
4598,4598,175,39,7
4725,4725,184,39,7
4726,4726,184,39,7
4727,4727,184,39,7
4668,4668,184,39,7
4667,4667,184,39,7
4666,4666,184,39,7
4669,4669,184,39,7
1115,1115,205,40,1
1116,1116,205,40,1
1016,1016,119,40,1
1667,1667,75,40,1
1114,1114,205,40,1
1113,1113,205,40,1
1018,1018,119,40,1
1019,1019,119,40,1
1117,1117,119,40,1
1017,1017,119,40,1
1118,1118,119,40,1
1221,1221,119,40,1
1120,1120,119,40,1
1668,1668,75,40,1
1329,1329,75,40,1
1328,1328,205,40,1
1327,1327,205,40,1
1326,1326,205,40,1
1325,1325,205,40,1
1665,1665,75,40,1
1330,1330,119,40,1
1331,1331,119,40,1
1332,1332,119,40,1
1333,1333,119,40,1
1436,1436,205,40,1
1437,1437,205,40,1
1225,1225,119,40,1
1224,1224,119,40,1
1223,1223,119,40,1
1222,1222,119,40,1
1015,1015,119,40,1
1220,1220,205,40,1
1219,1219,205,40,1
1218,1218,205,40,1
1217,1217,205,40,1
1438,1438,75,40,1
1784,1784,75,40,1
1785,1785,75,40,1
1119,1119,119,40,1
1014,1014,205,40,1
1666,1666,75,40,1
920,920,119,40,1
918,918,119,40,1
1441,1441,75,40,1
1013,1013,205,40,1
1443,1443,119,40,1
1442,1442,119,40,1
827,827,119,40,1
1439,1439,75,40,1
919,919,119,40,1
1550,1550,75,40,1
1549,1549,205,40,1
1552,1552,75,40,1
921,921,119,40,1
922,922,119,40,1
1554,1554,75,40,1
1553,1553,75,40,1
1551,1551,75,40,1
1440,1440,75,40,1
1902,1902,101,41,1
2509,2509,172,41,1
1901,1901,101,41,1
2263,2263,172,41,1
1900,1900,101,41,1
2262,2262,172,41,1
2261,2261,172,41,1
2510,2510,172,41,1
2138,2138,172,41,1
1899,1899,101,41,1
1435,1435,101,41,1
2143,2143,101,41,1
2142,2142,172,41,1
1433,1433,140,41,1
2022,2022,101,41,1
2021,2021,101,41,1
2384,2384,172,41,1
2387,2387,172,41,1
2385,2385,172,41,1
1776,1776,140,41,1
1777,1777,140,41,1
1778,1778,140,41,1
1779,1779,140,41,1
1781,1781,101,41,1
1782,1782,101,41,1
1783,1783,101,41,1
2386,2386,172,41,1
2264,2264,172,41,1
1780,1780,101,41,1
1898,1898,140,41,1
1545,1545,140,41,1
1546,1546,140,41,1
1547,1547,140,41,1
1548,1548,101,41,1
1664,1664,101,41,1
1663,1663,101,41,1
1662,1662,101,41,1
1661,1661,140,41,1
1660,1660,140,41,1
1659,1659,140,41,1
2016,2016,172,41,1
2265,2265,172,41,1
2017,2017,172,41,1
1434,1434,101,41,1
1897,1897,140,41,1
1896,1896,140,41,1
2019,2019,172,41,1
2020,2020,172,41,1
2139,2139,172,41,1
2018,2018,172,41,1
2140,2140,172,41,1
2141,2141,172,41,1
3455,3455,143,42,5
3225,3225,133,42,5
3458,3458,133,42,5
3459,3459,133,42,5
3891,3891,174,42,5
3894,3894,174,42,5
3893,3893,174,42,5
3224,3224,143,42,5
3228,3228,133,42,5
3884,3884,143,42,5
3885,3885,143,42,5
3892,3892,174,42,5
3790,3790,174,42,5
3789,3789,174,42,5
3788,3788,174,42,5
3454,3454,143,42,5
3453,3453,143,42,5
3452,3452,143,42,5
3451,3451,143,42,5
3450,3450,143,42,5
3886,3886,143,42,5
3887,3887,143,42,5
3888,3888,143,42,5
3456,3456,143,42,5
3889,3889,143,42,5
3780,3780,143,42,5
3457,3457,133,42,5
3782,3782,143,42,5
3783,3783,143,42,5
3784,3784,143,42,5
3785,3785,174,42,5
3786,3786,174,42,5
3787,3787,133,42,5
3890,3890,174,42,5
3781,3781,143,42,5
3565,3565,143,42,5
3673,3673,143,42,5
4086,4086,143,42,5
4087,4087,143,42,5
4088,4088,174,42,5
4089,4089,174,42,5
4090,4090,174,42,5
4091,4091,174,42,5
4092,4092,174,42,5
4093,4093,174,42,5
3572,3572,174,42,5
3571,3571,174,42,5
4182,4182,174,42,5
3570,3570,174,42,5
3569,3569,133,42,5
3568,3568,143,42,5
3344,3344,133,42,5
3343,3343,133,42,5
3342,3342,133,42,5
3341,3341,133,42,5
3340,3340,143,42,5
3339,3339,143,42,5
3338,3338,143,42,5
3337,3337,143,42,5
3336,3336,143,42,5
3567,3567,143,42,5
3566,3566,143,42,5
3672,3672,143,42,5
4184,4184,174,42,5
4085,4085,143,42,5
3563,3563,143,42,5
3674,3674,143,42,5
3675,3675,143,42,5
3676,3676,143,42,5
3677,3677,143,42,5
3678,3678,133,42,5
3679,3679,174,42,5
3680,3680,133,42,5
3681,3681,174,42,5
3986,3986,143,42,5
3987,3987,143,42,5
3564,3564,143,42,5
3989,3989,143,42,5
3988,3988,143,42,5
3991,3991,174,42,5
3990,3990,143,42,5
3996,3996,174,42,5
3682,3682,174,42,5
4185,4185,174,42,5
3994,3994,174,42,5
3993,3993,174,42,5
3992,3992,174,42,5
3995,3995,174,42,5
2679,2679,193,43,6
2681,2681,193,43,6
2682,2682,193,43,6
2683,2683,188,43,6
2804,2804,193,43,6
2803,2803,193,43,6
2802,2802,193,43,6
2680,2680,193,43,6
2064,2064,214,43,6
2186,2186,214,43,6
2557,2557,193,43,6
2437,2437,188,43,6
2555,2555,193,43,6
2061,2061,214,43,6
2062,2062,214,43,6
2063,2063,214,43,6
2065,2065,214,43,6
1949,1949,188,43,6
2066,2066,188,43,6
2067,2067,188,43,6
1948,1948,188,43,6
1947,1947,188,43,6
2558,2558,193,43,6
1946,1946,188,43,6
1944,1944,214,43,6
1943,1943,214,43,6
2068,2068,188,43,6
2069,2069,188,43,6
2070,2070,188,43,6
2185,2185,214,43,6
2431,2431,214,43,6
2432,2432,214,43,6
2433,2433,214,43,6
2434,2434,193,43,6
2435,2435,188,43,6
2438,2438,188,43,6
1945,1945,188,43,6
2559,2559,193,43,6
2556,2556,214,43,6
2308,2308,214,43,6
2187,2187,214,43,6
2312,2312,193,43,6
2313,2313,188,43,6
2314,2314,188,43,6
2188,2188,214,43,6
2189,2189,188,43,6
2190,2190,188,43,6
2191,2191,188,43,6
2192,2192,188,43,6
2315,2315,188,43,6
2561,2561,188,43,6
2436,2436,188,43,6
2309,2309,193,43,6
2310,2310,188,43,6
2560,2560,188,43,6
2311,2311,193,43,6
4732,4732,18,44,8
4783,4783,18,44,8
4782,4782,18,44,8
4997,4997,118,44,8
4994,4994,118,44,8
4993,4993,118,44,8
4992,4992,118,44,8
4991,4991,118,44,8
4990,4990,118,44,8
4785,4785,18,44,8
4730,4730,18,44,8
4733,4733,18,44,8
4980,4980,118,44,8
4981,4981,118,44,8
4784,4784,18,44,8
4982,4982,146,44,8
4787,4787,18,44,8
4786,4786,18,44,8
4731,4731,18,44,8
4729,4729,18,44,8
4983,4983,118,44,8
4966,4966,118,44,8
4830,4830,18,44,8
4671,4671,18,44,8
4943,4943,146,44,8
4942,4942,146,44,8
4941,4941,146,44,8
4940,4940,146,44,8
4939,4939,118,44,8
4938,4938,118,44,8
4937,4937,118,44,8
4936,4936,66,44,8
4876,4876,146,44,8
4672,4672,18,44,8
4877,4877,146,44,8
4879,4879,146,44,8
4906,4906,18,44,8
4907,4907,118,44,8
4908,4908,18,44,8
4909,4909,146,44,8
4910,4910,146,44,8
4911,4911,146,44,8
4912,4912,146,44,8
4913,4913,146,44,8
4914,4914,146,44,8
4878,4878,146,44,8
4829,4829,18,44,8
4609,4609,18,44,8
4875,4875,18,44,8
4979,4979,118,44,8
4978,4978,118,44,8
4977,4977,118,44,8
4965,4965,118,44,8
4964,4964,146,44,8
4963,4963,118,44,8
4962,4962,66,44,8
4961,4961,118,44,8
4960,4960,118,44,8
4831,4831,18,44,8
4673,4673,18,44,8
4832,4832,18,44,8
4944,4944,118,44,8
4834,4834,18,44,8
4835,4835,146,44,8
4836,4836,146,44,8
4837,4837,146,44,8
4838,4838,146,44,8
4870,4870,66,44,8
4871,4871,18,44,8
4872,4872,18,44,8
4873,4873,18,44,8
4833,4833,18,44,8
4874,4874,66,44,8
4999,4999,118,44,8
4998,4998,118,44,8
4191,4191,79,45,7
4518,4518,79,45,7
4517,4517,79,45,7
4812,4812,74,45,7
4763,4763,74,45,7
4516,4516,79,45,7
4515,4515,6,45,7
4514,4514,79,45,7
4656,4656,79,45,7
4584,4584,6,45,7
4585,4585,6,45,7
4586,4586,6,45,7
4587,4587,79,45,7
4900,4900,74,45,7
4899,4899,74,45,7
4898,4898,74,45,7
4897,4897,74,45,7
4896,4896,74,45,7
4895,4895,74,45,7
4894,4894,74,45,7
4893,4893,74,45,7
4954,4954,74,45,7
4955,4955,74,45,7
4519,4519,79,45,7
4520,4520,79,45,7
4521,4521,79,45,7
4522,4522,79,45,7
4715,4715,74,45,7
4712,4712,6,45,7
4711,4711,6,45,7
4276,4276,79,45,7
4277,4277,79,45,7
4278,4278,79,45,7
4279,4279,79,45,7
4280,4280,79,45,7
4710,4710,6,45,7
4709,4709,6,45,7
4926,4926,74,45,7
4927,4927,74,45,7
4928,4928,74,45,7
4929,4929,74,45,7
4930,4930,74,45,7
4819,4819,74,45,7
4818,4818,74,45,7
4817,4817,74,45,7
4816,4816,74,45,7
4190,4190,79,45,7
4815,4815,74,45,7
4814,4814,74,45,7
4813,4813,74,45,7
4714,4714,6,45,7
4655,4655,79,45,7
4956,4956,74,45,7
4361,4361,79,45,7
4855,4855,74,45,7
4856,4856,74,45,7
4857,4857,74,45,7
4858,4858,74,45,7
4859,4859,74,45,7
4860,4860,74,45,7
4861,4861,74,45,7
4862,4862,74,45,7
4187,4187,79,45,7
4768,4768,74,45,7
4360,4360,79,45,7
4769,4769,74,45,7
4446,4446,79,45,7
4445,4445,79,45,7
4444,4444,79,45,7
4443,4443,79,45,7
4442,4442,79,45,7
4441,4441,79,45,7
4440,4440,79,45,7
4439,4439,6,45,7
4188,4188,79,45,7
4189,4189,79,45,7
4770,4770,74,45,7
4771,4771,74,45,7
4713,4713,79,45,7
4591,4591,79,45,7
4653,4653,79,45,7
4588,4588,79,45,7
4589,4589,79,45,7
4590,4590,79,45,7
4976,4976,74,45,7
4766,4766,74,45,7
4592,4592,79,45,7
4652,4652,79,45,7
4651,4651,6,45,7
4650,4650,6,45,7
4765,4765,74,45,7
4649,4649,6,45,7
4764,4764,74,45,7
4366,4366,79,45,7
4365,4365,79,45,7
4364,4364,79,45,7
4363,4363,79,45,7
4975,4975,74,45,7
4362,4362,79,45,7
4654,4654,79,45,7
4767,4767,74,45,7
45,45,78,46,0
70,70,78,46,0
69,69,78,46,0
43,43,112,46,0
67,67,112,46,0
27,27,84,46,0
44,44,112,46,0
47,47,84,46,0
71,71,78,46,0
48,48,84,46,0
184,184,78,46,0
143,143,84,46,0
142,142,78,46,0
241,241,84,46,0
239,239,84,46,0
238,238,11,46,0
237,237,11,46,0
144,144,84,46,0
236,236,78,46,0
235,235,78,46,0
234,234,78,46,0
141,141,112,46,0
233,233,78,46,0
191,191,84,46,0
190,190,84,46,0
189,189,84,46,0
188,188,84,46,0
187,187,112,46,0
186,186,112,46,0
185,185,78,46,0
146,146,84,46,0
147,147,84,46,0
145,145,112,46,0
140,140,78,46,0
73,73,78,46,0
75,75,84,46,0
72,72,78,46,0
74,74,84,46,0
76,76,84,46,0
101,101,112,46,0
103,103,78,46,0
104,104,78,46,0
105,105,84,46,0
106,106,84,46,0
102,102,78,46,0
289,289,78,46,0
108,108,84,46,0
295,295,84,46,0
109,109,84,46,0
294,294,11,46,0
107,107,84,46,0
288,288,78,46,0
3173,3173,111,47,6
3174,3174,111,47,6
3175,3175,54,47,6
3055,3055,111,47,6
3177,3177,54,47,6
3411,3411,54,47,6
3054,3054,111,47,6
3410,3410,89,47,6
3176,3176,54,47,6
2933,2933,54,47,6
3405,3405,111,47,6
3172,3172,111,47,6
3171,3171,111,47,6
3409,3409,36,47,6
3408,3408,54,47,6
3053,3053,111,47,6
3846,3846,36,47,6
3847,3847,36,47,6
3407,3407,22,47,6
3406,3406,111,47,6
3057,3057,54,47,6
2934,2934,111,47,6
3056,3056,54,47,6
3949,3949,22,47,6
3520,3520,36,47,6
3289,3289,111,47,6
3521,3521,89,47,6
3522,3522,22,47,6
3523,3523,36,47,6
3524,3524,36,47,6
3525,3525,36,47,6
3294,3294,54,47,6
3295,3295,54,47,6
3292,3292,111,47,6
3291,3291,111,47,6
3293,3293,22,47,6
3743,3743,36,47,6
3742,3742,22,47,6
3290,3290,111,47,6
3632,3632,36,47,6
3741,3741,36,47,6
3633,3633,36,47,6
3634,3634,89,47,6
3635,3635,36,47,6
3636,3636,36,47,6
4282,4282,110,48,7
4287,4287,110,48,7
4286,4286,110,48,7
4102,4102,151,48,7
4285,4285,110,48,7
4284,4284,110,48,7
4101,4101,151,48,7
4100,4100,83,48,7
4099,4099,151,48,7
4281,4281,110,48,7
4283,4283,110,48,7
4524,4524,110,48,7
4197,4197,110,48,7
3696,3696,83,48,7
4447,4447,110,48,7
4448,4448,110,48,7
4449,4449,110,48,7
4450,4450,110,48,7
4371,4371,110,48,7
4370,4370,110,48,7
4369,4369,110,48,7
4368,4368,110,48,7
3907,3907,83,48,7
3906,3906,83,48,7
3905,3905,83,48,7
3904,3904,83,48,7
3903,3903,83,48,7
3902,3902,83,48,7
4367,4367,110,48,7
3695,3695,83,48,7
4002,4002,83,48,7
4003,4003,83,48,7
4004,4004,83,48,7
4005,4005,83,48,7
4006,4006,83,48,7
4103,4103,151,48,7
4007,4007,83,48,7
4523,4523,110,48,7
4198,4198,110,48,7
4104,4104,110,48,7
4105,4105,110,48,7
4192,4192,110,48,7
4193,4193,151,48,7
4194,4194,151,48,7
4195,4195,151,48,7
4199,4199,110,48,7
3802,3802,83,48,7
3801,3801,83,48,7
3800,3800,83,48,7
4196,4196,151,48,7
849,849,4,49,2
1145,1145,4,49,2
843,843,122,49,2
844,844,122,49,2
845,845,122,49,2
846,846,4,49,2
847,847,122,49,2
848,848,9,49,2
850,850,4,49,2
1045,1045,4,49,2
938,938,9,49,2
939,939,122,49,2
946,946,4,49,2
1144,1144,4,49,2
944,944,4,49,2
940,940,9,49,2
941,941,9,49,2
942,942,122,49,2
943,943,4,49,2
851,851,4,49,2
945,945,4,49,2
1142,1142,9,49,2
1140,1140,122,49,2
1044,1044,4,49,2
1043,1043,4,49,2
1042,1042,4,49,2
1041,1041,4,49,2
1040,1040,4,49,2
1039,1039,122,49,2
671,671,4,49,2
670,670,122,49,2
669,669,122,49,2
668,668,122,49,2
667,667,122,49,2
666,666,122,49,2
589,589,4,49,2
1141,1141,9,49,2
588,588,122,49,2
1038,1038,122,49,2
1037,1037,122,49,2
1036,1036,122,49,2
672,672,4,49,2
753,753,122,49,2
755,755,122,49,2
756,756,4,49,2
757,757,4,49,2
1138,1138,122,49,2
1139,1139,9,49,2
758,758,4,49,2
759,759,4,49,2
760,760,4,49,2
586,586,122,49,2
754,754,122,49,2
1143,1143,4,49,2
1353,1353,9,49,2
1244,1244,122,49,2
1247,1247,9,49,2
1464,1464,9,49,2
1463,1463,9,49,2
1245,1245,9,49,2
1352,1352,9,49,2
1246,1246,9,49,2
2320,2320,126,50,6
2074,2074,15,50,6
2565,2565,126,50,6
2075,2075,15,50,6
2200,2200,15,50,6
2199,2199,15,50,6
2198,2198,15,50,6
2197,2197,15,50,6
2073,2073,126,50,6
2440,2440,126,50,6
2196,2196,126,50,6
2195,2195,126,50,6
2324,2324,15,50,6
2447,2447,209,50,6
2076,2076,15,50,6
2317,2317,126,50,6
2318,2318,126,50,6
2316,2316,126,50,6
2319,2319,126,50,6
2446,2446,209,50,6
2071,2071,126,50,6
2321,2321,15,50,6
2322,2322,15,50,6
2323,2323,15,50,6
2687,2687,126,50,6
2570,2570,209,50,6
2569,2569,209,50,6
2568,2568,209,50,6
2072,2072,126,50,6
2567,2567,209,50,6
3058,3058,209,50,6
2443,2443,209,50,6
2444,2444,209,50,6
2445,2445,15,50,6
2442,2442,126,50,6
2441,2441,126,50,6
1835,1835,15,50,6
2566,2566,209,50,6
2439,2439,126,50,6
2938,2938,209,50,6
2816,2816,209,50,6
1954,1954,15,50,6
1955,1955,15,50,6
1952,1952,126,50,6
1951,1951,126,50,6
2564,2564,126,50,6
1950,1950,126,50,6
2563,2563,126,50,6
2193,2193,126,50,6
2194,2194,126,50,6
2693,2693,209,50,6
2692,2692,209,50,6
2691,2691,209,50,6
1953,1953,126,50,6
2690,2690,209,50,6
2688,2688,126,50,6
2562,2562,126,50,6
2077,2077,15,50,6
2935,2935,209,50,6
2810,2810,209,50,6
2937,2937,209,50,6
2815,2815,209,50,6
2814,2814,209,50,6
2689,2689,209,50,6
2813,2813,209,50,6
2812,2812,209,50,6
2811,2811,209,50,6
2936,2936,209,50,6
3462,3462,17,51,7
3345,3345,17,51,7
3346,3346,17,51,7
3463,3463,17,51,7
3792,3792,51,51,7
3465,3465,17,51,7
3791,3791,51,51,7
3794,3794,87,51,7
3461,3461,17,51,7
3795,3795,87,51,7
4098,4098,87,51,7
4097,4097,87,51,7
4096,4096,87,51,7
3350,3350,17,51,7
4095,4095,87,51,7
4094,4094,87,51,7
3349,3349,17,51,7
3348,3348,17,51,7
3347,3347,17,51,7
3112,3112,17,51,7
3796,3796,87,51,7
3797,3797,87,51,7
3798,3798,87,51,7
3793,3793,51,51,7
3466,3466,17,51,7
3464,3464,17,51,7
3460,3460,17,51,7
3900,3900,87,51,7
3577,3577,51,51,7
3897,3897,87,51,7
3896,3896,87,51,7
3576,3576,51,51,7
4001,4001,87,51,7
3895,3895,51,51,7
4000,4000,87,51,7
3999,3999,87,51,7
3998,3998,87,51,7
3997,3997,87,51,7
3579,3579,87,51,7
3578,3578,51,51,7
3683,3683,17,51,7
3684,3684,17,51,7
3898,3898,87,51,7
2991,2991,17,51,7
3685,3685,51,51,7
3573,3573,17,51,7
3575,3575,51,51,7
3574,3574,17,51,7
3686,3686,51,51,7
3689,3689,87,51,7
3688,3688,87,51,7
3901,3901,87,51,7
3230,3230,17,51,7
3231,3231,17,51,7
3232,3232,17,51,7
3687,3687,51,51,7
3229,3229,17,51,7
3899,3899,87,51,7
4800,4800,176,52,8
4801,4801,211,52,8
4756,4756,211,52,8
4952,4952,157,52,8
4953,4953,157,52,8
4755,4755,211,52,8
4754,4754,211,52,8
4807,4807,211,52,8
4969,4969,176,52,8
4850,4850,211,52,8
4851,4851,211,52,8
4636,4636,211,52,8
4852,4852,211,52,8
4853,4853,157,52,8
4996,4996,157,52,8
4995,4995,157,52,8
4989,4989,157,52,8
4988,4988,157,52,8
4987,4987,157,52,8
4986,4986,157,52,8
4985,4985,157,52,8
4984,4984,157,52,8
4974,4974,157,52,8
4973,4973,157,52,8
4849,4849,211,52,8
4848,4848,211,52,8
4847,4847,211,52,8
4846,4846,176,52,8
4845,4845,176,52,8
4972,4972,157,52,8
4971,4971,157,52,8
4970,4970,176,52,8
4967,4967,176,52,8
4968,4968,157,52,8
4751,4751,211,52,8
4752,4752,211,52,8
4891,4891,211,52,8
4892,4892,157,52,8
4802,4802,176,52,8
4803,4803,211,52,8
4948,4948,176,52,8
4753,4753,211,52,8
4889,4889,211,52,8
4918,4918,176,52,8
4920,4920,176,52,8
4921,4921,176,52,8
4922,4922,176,52,8
4923,4923,176,52,8
4924,4924,157,52,8
4925,4925,157,52,8
4919,4919,176,52,8
4804,4804,211,52,8
4890,4890,157,52,8
4946,4946,176,52,8
4806,4806,211,52,8
4884,4884,176,52,8
4885,4885,176,52,8
4886,4886,176,52,8
4887,4887,176,52,8
4888,4888,211,52,8
4805,4805,211,52,8
4951,4951,157,52,8
4945,4945,176,52,8
4949,4949,157,52,8
4696,4696,211,52,8
4697,4697,211,52,8
4698,4698,211,52,8
4699,4699,211,52,8
4950,4950,157,52,8
4947,4947,176,52,8
2503,2503,77,53,1
2132,2132,190,53,1
1891,1891,98,53,1
1890,1890,190,53,1
1772,1772,190,53,1
2013,2013,30,53,1
1893,1893,3,53,1
1894,1894,3,53,1
1658,1658,3,53,1
2014,2014,3,53,1
2015,2015,3,53,1
2012,2012,98,53,1
2011,2011,190,53,1
1540,1540,98,53,1
1655,1655,98,53,1
1656,1656,98,53,1
2010,2010,190,53,1
1895,1895,3,53,1
1657,1657,98,53,1
1892,1892,98,53,1
2133,2133,190,53,1
1773,1773,98,53,1
2259,2259,77,53,1
2257,2257,77,53,1
2135,2135,77,53,1
2256,2256,190,53,1
2255,2255,190,53,1
2134,2134,190,53,1
2381,2381,77,53,1
2382,2382,77,53,1
2383,2383,77,53,1
1771,1771,98,53,1
2260,2260,77,53,1
2136,2136,77,53,1
2137,2137,3,53,1
2258,2258,77,53,1
2379,2379,77,53,1
2378,2378,190,53,1
1775,1775,3,53,1
1774,1774,98,53,1
2380,2380,77,53,1
3403,3403,159,54,6
3284,3284,159,54,6
3400,3400,159,54,6
3286,3286,159,54,6
3515,3515,159,54,6
3519,3519,159,54,6
3516,3516,159,54,6
3517,3517,159,54,6
4045,4045,141,54,6
4041,4041,68,54,6
4042,4042,68,54,6
4043,4043,141,54,6
3738,3738,159,54,6
4044,4044,141,54,6
3518,3518,159,54,6
3739,3739,159,54,6
3843,3843,141,54,6
3844,3844,141,54,6
3625,3625,68,54,6
3626,3626,68,54,6
3627,3627,159,54,6
3628,3628,159,54,6
3629,3629,159,54,6
3630,3630,159,54,6
3631,3631,159,54,6
3740,3740,141,54,6
3737,3737,159,54,6
3736,3736,159,54,6
3735,3735,68,54,6
3734,3734,68,54,6
3845,3845,141,54,6
3402,3402,159,54,6
3839,3839,68,54,6
3942,3942,68,54,6
3943,3943,141,54,6
3944,3944,68,54,6
4137,4137,68,54,6
3945,3945,141,54,6
3840,3840,68,54,6
3841,3841,159,54,6
3842,3842,68,54,6
3946,3946,141,54,6
3404,3404,159,54,6
3947,3947,141,54,6
3401,3401,159,54,6
3514,3514,68,54,6
4557,4557,215,55,8
4554,4554,53,55,8
4149,4149,109,55,8
4556,4556,215,55,8
4046,4046,53,55,8
4047,4047,53,55,8
4048,4048,53,55,8
4049,4049,85,55,8
4050,4050,85,55,8
4051,4051,85,55,8
4553,4553,215,55,8
4319,4319,53,55,8
4150,4150,109,55,8
4321,4321,53,55,8
3953,3953,109,55,8
3952,3952,85,55,8
3951,3951,85,55,8
3950,3950,53,55,8
3948,3948,53,55,8
4401,4401,53,55,8
3954,3954,109,55,8
4402,4402,53,55,8
4404,4404,53,55,8
4405,4405,215,55,8
4406,4406,215,55,8
4407,4407,215,55,8
4408,4408,215,55,8
4409,4409,215,55,8
4403,4403,53,55,8
4320,4320,53,55,8
3955,3955,109,55,8
3957,3957,109,55,8
4322,4322,53,55,8
4323,4323,109,55,8
4324,4324,215,55,8
4325,4325,215,55,8
4326,4326,215,55,8
4327,4327,109,55,8
3956,3956,109,55,8
4486,4486,215,55,8
4484,4484,215,55,8
4483,4483,215,55,8
4482,4482,215,55,8
4481,4481,53,55,8
4479,4479,53,55,8
3958,3958,109,55,8
4485,4485,215,55,8
4480,4480,53,55,8
4555,4555,53,55,8
4234,4234,53,55,8
4238,4238,109,55,8
3851,3851,85,55,8
4147,4147,109,55,8
4146,4146,109,55,8
4237,4237,215,55,8
4236,4236,85,55,8
4239,4239,109,55,8
4235,4235,53,55,8
3852,3852,85,55,8
4145,4145,85,55,8
4144,4144,85,55,8
4233,4233,53,55,8
4143,4143,53,55,8
4623,4623,215,55,8
4140,4140,53,55,8
4240,4240,109,55,8
3850,3850,85,55,8
3849,3849,85,55,8
4052,4052,109,55,8
3744,3744,85,55,8
4053,4053,109,55,8
4054,4054,109,55,8
4241,4241,109,55,8
4141,4141,53,55,8
4142,4142,53,55,8
4055,4055,109,55,8
4232,4232,53,55,8
4148,4148,109,55,8
3848,3848,85,55,8
4625,4625,179,56,8
4881,4881,29,56,8
4880,4880,194,56,8
4624,4624,29,56,8
4684,4684,194,56,8
4842,4842,29,56,8
4683,4683,194,56,8
4839,4839,194,56,8
4840,4840,29,56,8
4882,4882,29,56,8
4799,4799,29,56,8
4841,4841,29,56,8
4797,4797,29,56,8
4796,4796,29,56,8
4622,4622,194,56,8
4621,4621,194,56,8
4620,4620,194,56,8
4843,4843,29,56,8
4844,4844,29,56,8
4795,4795,29,56,8
4794,4794,29,56,8
4793,4793,194,56,8
4792,4792,194,56,8
4791,4791,194,56,8
4798,4798,29,56,8
4685,4685,194,56,8
4883,4883,29,56,8
4626,4626,179,56,8
4745,4745,179,56,8
4746,4746,29,56,8
4747,4747,29,56,8
4916,4916,29,56,8
4552,4552,194,56,8
4689,4689,179,56,8
4688,4688,29,56,8
4744,4744,29,56,8
4743,4743,194,56,8
4742,4742,194,56,8
4741,4741,194,56,8
4687,4687,194,56,8
4740,4740,194,56,8
4686,4686,179,56,8
4558,4558,194,56,8
4915,4915,194,56,8
4739,4739,194,56,8
4917,4917,29,56,8
1707,1707,170,57,2
1706,1706,170,57,2
1151,1151,129,57,2
1478,1478,170,57,2
1148,1148,27,57,2
1366,1366,129,57,2
1825,1825,170,57,2
1365,1365,129,57,2
1704,1704,170,57,2
1705,1705,170,57,2
1592,1592,129,57,2
1591,1591,170,57,2
1590,1590,129,57,2
1824,1824,170,57,2
1149,1149,27,57,2
1254,1254,27,57,2
1364,1364,129,57,2
1363,1363,27,57,2
1362,1362,27,57,2
1474,1474,27,57,2
1475,1475,27,57,2
1367,1367,129,57,2
1708,1708,170,57,2
1476,1476,170,57,2
1477,1477,129,57,2
1258,1258,129,57,2
1257,1257,129,57,2
1256,1256,27,57,2
1942,1942,170,57,2
1822,1822,170,57,2
1823,1823,170,57,2
1255,1255,27,57,2
1589,1589,170,57,2
1152,1152,129,57,2
1150,1150,27,57,2
1588,1588,129,57,2
1214,1214,154,58,1
1215,1215,76,58,1
1210,1210,154,58,1
1211,1211,154,58,1
1212,1212,154,58,1
1010,1010,76,58,1
1007,1007,154,58,1
1008,1008,76,58,1
1009,1009,76,58,1
1213,1213,154,58,1
1216,1216,76,58,1
1318,1318,92,58,1
1006,1006,92,58,1
1320,1320,92,58,1
1432,1432,168,58,1
1429,1429,92,58,1
1428,1428,154,58,1
1110,1110,76,58,1
1109,1109,76,58,1
1108,1108,168,58,1
1319,1319,154,58,1
1111,1111,76,58,1
1112,1112,76,58,1
912,912,76,58,1
1431,1431,154,58,1
1430,1430,168,58,1
1107,1107,154,58,1
1106,1106,92,58,1
1544,1544,168,58,1
1543,1543,168,58,1
1542,1542,168,58,1
1541,1541,168,58,1
1324,1324,76,58,1
1323,1323,76,58,1
1322,1322,168,58,1
1321,1321,154,58,1
180,180,5,59,0
182,182,107,59,0
178,178,5,59,0
177,177,5,59,0
181,181,5,59,0
179,179,5,59,0
98,98,5,59,0
97,97,5,59,0
99,99,5,59,0
100,100,5,59,0
68,68,5,59,0
135,135,5,59,0
136,136,5,59,0
137,137,5,59,0
138,138,5,59,0
139,139,5,59,0
183,183,107,59,0
66,66,5,59,0
347,347,107,59,0
481,481,35,59,0
279,279,139,59,0
280,280,139,59,0
281,281,139,59,0
553,553,35,59,0
283,283,5,59,0
284,284,107,59,0
285,285,107,59,0
286,286,107,59,0
717,717,35,59,0
634,634,35,59,0
287,287,107,59,0
633,633,35,59,0
555,555,35,59,0
554,554,35,59,0
346,346,107,59,0
345,345,107,59,0
344,344,107,59,0
343,343,139,59,0
342,342,139,59,0
341,341,139,59,0
340,340,139,59,0
339,339,139,59,0
480,480,35,59,0
232,232,107,59,0
231,231,107,59,0
282,282,139,59,0
229,229,139,59,0
479,479,35,59,0
478,478,35,59,0
477,477,35,59,0
476,476,35,59,0
475,475,139,59,0
412,412,107,59,0
411,411,107,59,0
410,410,35,59,0
409,409,35,59,0
408,408,35,59,0
230,230,107,59,0
406,406,139,59,0
405,405,139,59,0
349,349,107,59,0
407,407,35,59,0
228,228,5,59,0
348,348,107,59,0
225,225,139,59,0
226,226,139,59,0
227,227,5,59,0
1594,1594,48,60,2
1595,1595,213,60,2
1596,1596,213,60,2
1597,1597,213,60,2
1598,1598,213,60,2
1599,1599,200,60,2
1600,1600,200,60,2
1601,1601,200,60,2
1259,1259,48,60,2
1830,1830,213,60,2
1260,1260,48,60,2
1712,1712,213,60,2
1829,1829,213,60,2
1055,1055,48,60,2
1715,1715,213,60,2
1714,1714,213,60,2
1831,1831,213,60,2
1832,1832,213,60,2
1833,1833,213,60,2
1834,1834,200,60,2
1710,1710,213,60,2
1711,1711,213,60,2
1713,1713,213,60,2
1709,1709,48,60,2
1716,1716,200,60,2
1481,1481,48,60,2
1828,1828,213,60,2
1717,1717,200,60,2
1375,1375,200,60,2
953,953,48,60,2
1488,1488,200,60,2
1057,1057,200,60,2
1261,1261,48,60,2
1262,1262,48,60,2
1263,1263,200,60,2
1264,1264,200,60,2
1265,1265,200,60,2
1266,1266,200,60,2
1267,1267,200,60,2
1368,1368,48,60,2
1369,1369,48,60,2
1370,1370,48,60,2
1371,1371,48,60,2
1372,1372,200,60,2
1373,1373,200,60,2
1374,1374,200,60,2
1486,1486,200,60,2
1376,1376,200,60,2
1487,1487,200,60,2
1053,1053,48,60,2
1827,1827,213,60,2
1826,1826,48,60,2
1153,1153,48,60,2
1154,1154,48,60,2
1593,1593,48,60,2
1479,1479,48,60,2
1480,1480,48,60,2
1155,1155,48,60,2
1482,1482,48,60,2
1483,1483,48,60,2
1056,1056,48,60,2
1156,1156,48,60,2
1485,1485,200,60,2
1157,1157,48,60,2
1158,1158,48,60,2
1159,1159,200,60,2
1160,1160,200,60,2
1161,1161,200,60,2
1054,1054,48,60,2
1484,1484,200,60,2
1871,1871,182,61,5
1870,1870,182,61,5
1872,1872,182,61,5
1873,1873,113,61,5
2111,2111,182,61,5
1296,1296,182,61,5
1297,1297,182,61,5
1645,1645,105,61,5
2118,2118,113,61,5
2119,2119,113,61,5
1305,1305,105,61,5
1878,1878,105,61,5
1877,1877,105,61,5
1304,1304,105,61,5
1869,1869,182,61,5
1303,1303,105,61,5
1301,1301,105,61,5
1300,1300,182,61,5
1876,1876,113,61,5
1875,1875,113,61,5
1874,1874,113,61,5
1299,1299,182,61,5
1298,1298,182,61,5
1302,1302,105,61,5
1868,1868,182,61,5
2482,2482,113,61,5
2234,2234,182,61,5
1191,1191,182,61,5
1192,1192,182,61,5
1193,1193,182,61,5
1755,1755,113,61,5
1756,1756,105,61,5
1757,1757,105,61,5
1758,1758,105,61,5
1759,1759,105,61,5
1760,1760,105,61,5
1190,1190,182,61,5
2360,2360,113,61,5
2362,2362,113,61,5
2363,2363,113,61,5
2364,2364,113,61,5
1761,1761,105,61,5
1762,1762,105,61,5
1763,1763,105,61,5
1764,1764,105,61,5
1197,1197,105,61,5
1196,1196,105,61,5
2361,2361,113,61,5
1754,1754,182,61,5
2359,2359,113,61,5
2358,2358,113,61,5
2235,2235,113,61,5
2236,2236,113,61,5
2237,2237,113,61,5
2238,2238,113,61,5
2239,2239,113,61,5
2240,2240,113,61,5
2486,2486,113,61,5
2485,2485,113,61,5
2484,2484,113,61,5
2483,2483,113,61,5
1879,1879,105,61,5
2481,2481,113,61,5
2480,2480,113,61,5
2479,2479,113,61,5
1749,1749,182,61,5
1750,1750,182,61,5
1751,1751,182,61,5
1752,1752,182,61,5
1753,1753,182,61,5
2356,2356,182,61,5
2357,2357,113,61,5
2233,2233,182,61,5
1880,1880,105,61,5
1194,1194,105,61,5
1640,1640,105,61,5
1641,1641,105,61,5
1409,1409,182,61,5
2603,2603,113,61,5
1639,1639,105,61,5
1638,1638,182,61,5
1405,1405,182,61,5
1406,1406,182,61,5
1995,1995,113,61,5
1636,1636,182,61,5
1637,1637,182,61,5
1416,1416,105,61,5
1407,1407,182,61,5
1990,1990,182,61,5
1991,1991,182,61,5
1992,1992,182,61,5
1993,1993,182,61,5
2731,2731,113,61,5
1415,1415,105,61,5
2609,2609,113,61,5
2608,2608,113,61,5
1996,1996,113,61,5
1997,1997,113,61,5
1998,1998,113,61,5
1999,1999,113,61,5
1881,1881,105,61,5
2606,2606,113,61,5
2605,2605,113,61,5
2604,2604,113,61,5
1414,1414,105,61,5
1642,1642,105,61,5
1643,1643,105,61,5
1644,1644,105,61,5
1882,1882,105,61,5
1412,1412,105,61,5
1411,1411,105,61,5
1410,1410,182,61,5
2117,2117,113,61,5
1632,1632,182,61,5
1633,1633,182,61,5
2116,2116,113,61,5
2115,2115,113,61,5
2114,2114,113,61,5
1634,1634,182,61,5
1635,1635,182,61,5
1521,1521,182,61,5
1520,1520,182,61,5
1519,1519,182,61,5
1413,1413,105,61,5
1518,1518,182,61,5
1523,1523,182,61,5
1524,1524,105,61,5
1525,1525,105,61,5
2113,2113,113,61,5
2112,2112,182,61,5
1526,1526,105,61,5
1195,1195,105,61,5
2110,2110,182,61,5
1527,1527,105,61,5
1528,1528,105,61,5
1529,1529,105,61,5
1988,1988,182,61,5
1989,1989,182,61,5
1994,1994,113,61,5
1522,1522,182,61,5
1408,1408,182,61,5
4164,4164,134,62,5
3665,3665,207,62,5
4340,4340,134,62,5
4497,4497,134,62,5
4498,4498,134,62,5
4499,4499,134,62,5
4339,4339,134,62,5
4341,4341,134,62,5
3980,3980,207,62,5
4343,4343,203,62,5
4426,4426,203,62,5
4425,4425,0,62,5
4424,4424,134,62,5
4423,4423,134,62,5
4422,4422,134,62,5
4421,4421,134,62,5
4420,4420,134,62,5
3975,3975,134,62,5
3976,3976,203,62,5
3977,3977,203,62,5
3978,3978,203,62,5
3979,3979,203,62,5
4348,4348,207,62,5
4342,4342,134,62,5
4500,4500,0,62,5
3982,3982,207,62,5
3983,3983,207,62,5
3984,3984,207,62,5
4347,4347,207,62,5
4346,4346,0,62,5
4345,4345,0,62,5
4344,4344,0,62,5
3883,3883,207,62,5
3882,3882,207,62,5
3881,3881,207,62,5
3880,3880,207,62,5
3879,3879,207,62,5
3878,3878,207,62,5
3981,3981,207,62,5
4501,4501,134,62,5
4072,4072,134,62,5
3876,3876,207,62,5
4257,4257,134,62,5
4256,4256,134,62,5
4255,4255,134,62,5
4254,4254,134,62,5
4175,4175,207,62,5
4174,4174,207,62,5
4173,4173,207,62,5
4172,4172,207,62,5
4171,4171,203,62,5
4170,4170,203,62,5
3778,3778,207,62,5
3777,3777,207,62,5
4258,4258,134,62,5
3776,3776,207,62,5
4640,4640,0,62,5
4639,4639,0,62,5
4638,4638,0,62,5
4637,4637,134,62,5
3774,3774,207,62,5
3772,3772,207,62,5
3771,3771,203,62,5
4169,4169,203,62,5
4168,4168,134,62,5
4167,4167,134,62,5
4166,4166,134,62,5
4165,4165,134,62,5
4641,4641,0,62,5
4259,4259,134,62,5
4260,4260,207,62,5
4261,4261,0,62,5
3875,3875,203,62,5
4502,4502,0,62,5
4503,4503,0,62,5
4504,4504,0,62,5
4428,4428,0,62,5
4073,4073,203,62,5
4700,4700,0,62,5
4074,4074,203,62,5
4075,4075,203,62,5
4076,4076,203,62,5
4077,4077,207,62,5
4078,4078,207,62,5
3877,3877,207,62,5
4079,4079,207,62,5
4081,4081,207,62,5
4569,4569,134,62,5
4570,4570,134,62,5
4571,4571,134,62,5
4572,4572,0,62,5
4573,4573,0,62,5
4574,4574,0,62,5
4575,4575,0,62,5
4264,4264,207,62,5
4263,4263,207,62,5
4262,4262,0,62,5
4080,4080,207,62,5
4427,4427,207,62,5
3859,3859,45,63,8
3858,3858,45,63,8
4061,4061,45,63,8
4627,4627,33,63,8
4565,4565,116,63,8
4564,4564,116,63,8
4563,4563,33,63,8
4562,4562,33,63,8
4561,4561,33,63,8
4560,4560,33,63,8
4559,4559,33,63,8
4328,4328,45,63,8
4566,4566,116,63,8
4329,4329,45,63,8
4331,4331,45,63,8
4332,4332,45,63,8
4333,4333,45,63,8
4690,4690,33,63,8
4691,4691,33,63,8
4692,4692,33,63,8
4634,4634,116,63,8
4694,4694,116,63,8
4330,4330,45,63,8
4567,4567,116,63,8
4568,4568,116,63,8
4249,4249,116,63,8
4635,4635,116,63,8
4155,4155,45,63,8
4154,4154,45,63,8
4153,4153,45,63,8
4152,4152,45,63,8
4632,4632,116,63,8
4631,4631,116,63,8
4630,4630,33,63,8
4629,4629,33,63,8
4628,4628,33,63,8
4156,4156,45,63,8
4242,4242,45,63,8
4243,4243,45,63,8
4244,4244,45,63,8
4245,4245,45,63,8
4151,4151,45,63,8
4246,4246,45,63,8
4247,4247,45,63,8
4248,4248,45,63,8
4695,4695,116,63,8
4334,4334,116,63,8
4693,4693,116,63,8
4059,4059,45,63,8
4750,4750,116,63,8
4060,4060,45,63,8
4410,4410,45,63,8
4411,4411,45,63,8
4412,4412,45,63,8
4413,4413,45,63,8
4414,4414,33,63,8
4415,4415,116,63,8
4416,4416,116,63,8
4417,4417,116,63,8
4418,4418,116,63,8
3961,3961,45,63,8
3960,3960,45,63,8
3959,3959,45,63,8
4419,4419,116,63,8
4749,4749,33,63,8
4748,4748,33,63,8
4633,4633,116,63,8
4335,4335,116,63,8
4495,4495,116,63,8
4494,4494,116,63,8
4487,4487,33,63,8
4338,4338,116,63,8
4493,4493,116,63,8
4337,4337,116,63,8
4492,4492,45,63,8
4336,4336,116,63,8
4056,4056,45,63,8
4496,4496,116,63,8
4058,4058,45,63,8
4491,4491,116,63,8
4490,4490,33,63,8
4489,4489,33,63,8
4488,4488,33,63,8
4057,4057,45,63,8
3624,3624,28,64,6
3623,3623,142,64,6
3622,3622,142,64,6
3282,3282,28,64,6
3733,3733,28,64,6
3619,3619,142,64,6
3732,3732,28,64,6
3731,3731,97,64,6
3730,3730,28,64,6
3729,3729,142,64,6
3728,3728,97,64,6
3620,3620,28,64,6
3279,3279,142,64,6
3278,3278,142,64,6
3281,3281,142,64,6
3937,3937,97,64,6
3280,3280,28,64,6
3621,3621,28,64,6
3512,3512,28,64,6
4038,4038,97,64,6
4136,4136,97,64,6
4135,4135,97,64,6
4134,4134,97,64,6
4133,4133,97,64,6
4132,4132,97,64,6
4037,4037,97,64,6
3835,3835,97,64,6
4036,4036,97,64,6
3398,3398,28,64,6
3397,3397,28,64,6
3396,3396,28,64,6
3395,3395,142,64,6
3394,3394,28,64,6
3837,3837,97,64,6
3834,3834,97,64,6
3392,3392,28,64,6
4040,4040,97,64,6
4039,4039,97,64,6
3399,3399,28,64,6
3511,3511,28,64,6
3510,3510,142,64,6
3509,3509,142,64,6
3508,3508,28,64,6
3507,3507,28,64,6
3938,3938,97,64,6
3939,3939,97,64,6
3940,3940,97,64,6
3941,3941,97,64,6
3836,3836,97,64,6
3838,3838,97,64,6
3513,3513,28,64,6
2266,2266,39,65,7
2267,2267,39,65,7
2268,2268,39,65,7
2759,2759,16,65,7
2758,2758,16,65,7
2757,2757,16,65,7
2269,2269,39,65,7
2270,2270,39,65,7
3362,3362,149,65,7
2761,2761,16,65,7
2392,2392,39,65,7
3003,3003,16,65,7
3004,3004,149,65,7
3005,3005,149,65,7
3006,3006,149,65,7
3007,3007,149,65,7
3008,3008,149,65,7
3009,3009,149,65,7
2393,2393,39,65,7
2389,2389,39,65,7
2391,2391,39,65,7
2765,2765,149,65,7
2764,2764,149,65,7
2763,2763,149,65,7
2762,2762,39,65,7
3361,3361,149,65,7
2760,2760,16,65,7
2390,2390,39,65,7
3360,3360,149,65,7
3245,3245,149,65,7
3123,3123,149,65,7
2511,2511,16,65,7
2512,2512,16,65,7
2513,2513,16,65,7
2514,2514,39,65,7
2024,2024,39,65,7
2881,2881,16,65,7
2882,2882,16,65,7
2883,2883,149,65,7
2884,2884,149,65,7
2885,2885,149,65,7
2886,2886,149,65,7
2887,2887,149,65,7
2888,2888,149,65,7
2025,2025,39,65,7
2515,2515,39,65,7
2516,2516,39,65,7
2517,2517,39,65,7
1904,1904,39,65,7
1903,1903,39,65,7
2144,2144,39,65,7
2145,2145,39,65,7
2023,2023,39,65,7
2146,2146,39,65,7
3124,3124,149,65,7
3125,3125,149,65,7
3247,3247,149,65,7
3246,3246,149,65,7
3244,3244,149,65,7
2641,2641,149,65,7
2640,2640,149,65,7
2639,2639,39,65,7
2638,2638,39,65,7
3359,3359,149,65,7
2637,2637,16,65,7
2635,2635,16,65,7
2634,2634,16,65,7
3243,3243,149,65,7
3242,3242,149,65,7
3126,3126,149,65,7
3127,3127,149,65,7
3128,3128,149,65,7
3129,3129,149,65,7
2147,2147,39,65,7
2636,2636,16,65,7
2388,2388,39,65,7
