CommunityHeirarchy,CommunityId,Rep_X,Rep_Y,Rep_Z
community3,110.0,122.64563524999998,11.653559275000001,67.66427845000001
community3,111.0,113.230517,7.907372453333331,78.60900741666664
community3,112.0,113.89398166666668,7.309733286666668,60.22238913333333
community3,113.0,123.3123948,11.717063388000001,75.55467686000001
community3,114.0,122.884857,11.874139240000002,60.59419827999999
community3,115.0,110.47952799999999,6.0095947380000005,67.63964698
community3,116.0,102.714385,4.75761752,82.032391
community3,117.0,123.93607875000005,10.82731358,81.914982525
community3,118.0,107.37389550000003,6.083113365,76.7962128
community3,119.0,117.1858072,9.072700012000002,70.93294775999999
community3,120.0,108.4019303333333,59.77129928333331,35.513295833333345
community3,121.0,89.2501884833333,55.47239496666668,26.902010116666677
community3,122.0,97.68897654444442,59.72467486666669,31.991058199999998
community3,123.0,101.89206665,63.674146216666685,35.489489483333344
community3,124.0,99.4218504,48.80249190000001,29.562364020000004
community3,125.0,92.95099434831458,52.135393662921345,31.81250066292135
community3,126.0,104.12380104477613,68.25036898507464,39.606890701492546
community3,127.0,99.64197648749999,69.85662210000001,29.77662836250001
community3,128.0,106.85505000000003,52.60133916666666,29.46525003333333
community3,129.0,93.94313011864412,62.84052183050847,25.481507389830504
community3,130.0,143.5789144,35.65905563999999,44.8699596
community3,131.0,141.0293226,45.07401107999999,45.15992182000001
community3,132.0,147.64353685714286,42.467887114285716,52.81737334285713
community3,133.0,138.11709725000003,27.599306050000003,48.20734485000001
community3,134.0,137.5352686666667,53.24084121666666,48.10651860000001
community3,135.0,135.411231,33.06765702999999,38.68392047999999
community3,136.0,153.07235833333334,34.874419599999996,58.305736549999985
community3,137.0,145.57748750000002,30.6873609,54.465373033333336
community3,138.0,135.7534736666667,46.79743564999999,38.52102136666667
community3,139.0,143.5491131428571,55.193534814285705,54.60751765714285
community3,140.0,96.96190134999998,18.296678399999998,38.786027350000005
community3,141.0,75.23621691666668,22.9569657,46.85944086666667
community3,142.0,82.63101478749999,8.17260152875,49.18256441250001
community3,143.0,91.36603299999999,19.280635450000005,41.39675485000001
community3,144.0,97.14781295000002,7.857145242499999,46.632270574999986
community3,145.0,82.56797928333332,18.093849383333335,45.41893294999999
community3,146.0,85.14203047500004,25.5377032,43.56968332500001
community3,147.0,91.00853552000001,10.076460275999999,45.63774754
community3,148.0,98.669888875,24.603192075000003,35.590404875000004
community3,149.0,100.34176004999999,12.2121839475,41.57177222500001
community3,150.0,143.8261642,25.45763692,61.793328300000006
community3,151.0,138.6791786,17.009662459999994,75.48039678000002
community3,152.0,136.1671831428572,21.877420328571436,57.741016057142865
community3,153.0,147.80825,19.324356275000007,72.619062375
community3,154.0,133.52722680000005,13.665763239999997,82.8595338
community3,155.0,138.2888676,20.569081999999998,67.27645608
community3,156.0,145.5993997500001,15.865996624999998,82.35790639999999
community3,157.0,130.55276566666666,14.719846283333329,73.28569766666666
community3,158.0,130.53593471428567,16.111532914285714,62.115922142857144
community3,159.0,152.77140675000004,24.712225874999994,65.26910182500004
community3,160.0,127.74796166666667,49.9788968333333,34.27301815
community3,161.0,109.46115699999999,28.634103099999994,29.92478435
community3,162.0,115.62571512500003,39.22360442499999,29.015851025000007
community3,163.0,127.29268542857146,32.66331288571429,33.16636291428571
community3,164.0,106.63423842857146,43.112874157142855,27.751642199999996
community3,165.0,129.20057733333334,41.51081246666667,32.40911648333334
community3,166.0,115.7724025,53.04576479999999,32.228094824999985
community3,167.0,118.81507814285713,29.791417199999998,30.507105485714284
community3,168.0,117.23825542857142,47.54684100000001,29.696444514285705
community3,169.0,104.19047942857144,32.80860548571428,29.093092357142854
community3,170.0,74.58028328,35.14218812,32.118214880000004
community3,171.0,90.23554831428574,36.32883725714286,36.56569441428571
community3,172.0,82.36126873749997,34.855879349999995,41.3628877875
community3,173.0,83.80575306666668,45.04895123333333,32.56863223333332
community3,174.0,73.45541022500001,29.909865237500004,42.758500837500016
community3,175.0,97.85504015999999,38.5947083,29.962009360000003
community3,176.0,94.59701728333339,31.04437365,35.91715294999999
community3,177.0,68.71118923333333,30.985552466666675,26.41840208333333
community3,178.0,89.73908930864195,44.36544143209878,35.40962361728395
community3,179.0,81.26085632499999,46.02467624999999,23.3840011
community3,180.0,93.30293674999999,2.4535994000000008,76.27401415000001
community3,181.0,93.91849786000003,3.898024406000001,52.70757766
community3,182.0,104.32895199999999,3.383152928000001,63.22869943999999
community3,183.0,86.37544841666664,1.273418610833333,58.27969416666665
community3,184.0,95.67066892857143,1.4240957072857143,61.086757871428574
community3,185.0,102.453421,6.963976795000001,50.78630460000001
community3,186.0,101.32582946666669,2.6728460100000007,70.86706380000001
community3,187.0,98.83344510000002,3.8449023150000015,78.49671865000002
community3,188.0,91.15936546,0.55052361188,68.62735538000001
community3,189.0,104.06668150000003,5.331929195,55.9744606
community3,190.0,122.21473371428573,13.727143728571432,50.86182325714286
community3,191.0,107.15826600000001,17.227511849999992,37.62492585
community3,192.0,128.605097,22.185736437500008,41.90656051249999
community3,193.0,117.28030333333332,16.386200683333332,41.349485500000014
community3,194.0,111.47893059999997,8.53476459,52.91237340000001
community3,195.0,109.3851706,23.42684107999999,33.02824098000001
community3,196.0,108.09228442857145,11.546999348571427,44.94001864285715
community3,197.0,120.48232871428574,21.63356384285715,36.14599432857142
community3,198.0,130.020992,18.37819633333334,51.48167844999999
community3,199.0,116.76787075000001,11.614462399999999,49.329535775000004
community3,200.0,115.9932833,65.75101521999999,47.54084058999999
community3,201.0,129.0954586666667,64.80834809999999,55.240254599999986
community3,202.0,128.158512,56.701093900000004,42.60426547499999
community3,203.0,110.86150699999999,64.08662993333336,43.46315098333334
community3,204.0,119.92186759999996,66.70436427000004,51.754915290000014
community3,205.0,137.45880974999997,63.609282474999986,53.956290849999995
community3,206.0,117.09596,58.263416066666665,39.89546583333335
community3,207.0,128.86198066666668,60.57114186666666,51.087854566666664
community3,208.0,108.605013125,69.06927908750004,45.07407337500001
community3,209.0,124.72876719999998,68.39120702,55.59349610000001
community3,210.0,66.91195521428571,140.6768155714286,106.55989371428572
community3,211.0,62.87591962000001,143.7980042,87.88646751999998
community3,212.0,76.21224802499998,143.49735349999995,93.4227784
community3,213.0,51.452266050000006,139.42830683333335,95.23683770000001
community3,214.0,55.46962928333333,138.66375966666664,104.92810250000002
community3,215.0,69.00808022499999,143.64950224999998,90.54540232499998
community3,216.0,68.71414141666668,142.5351751666667,98.53515723333335
community3,217.0,59.84268329999998,141.76957920000004,99.56723249999997
community3,218.0,56.104445760000004,142.23984819999998,88.84753844
community3,219.0,74.48253775,144.43252600000002,86.92928572500001
community3,220.0,71.485346975,145.69325450000002,76.2749475
community3,221.0,57.037312150000005,144.04214024999996,66.45420705000002
community3,222.0,58.64413327142858,143.97753300000005,78.58095874285712
community3,223.0,61.535001699999995,144.90500833333334,63.295204399999996
community3,224.0,49.07338275999999,141.96241640000005,68.4619232
community3,225.0,66.2951907,145.15314774999996,79.66096297500002
community3,226.0,52.05973481999999,142.57200079999998,75.69155649999999
community3,227.0,68.4429217,145.203408,61.82196343333333
community3,228.0,59.41295676666665,143.02186100000003,58.630937233333334
community3,229.0,66.31162042000001,145.78648700000002,69.59837376
community3,230.0,43.46943930000001,139.47755675000002,74.28573094999999
community3,231.0,37.495489100000015,133.06390974999997,94.06330079999998
community3,232.0,30.13345554285715,130.27852557142856,81.17202811428575
community3,233.0,28.842422590909088,130.52755090909093,69.1632670909091
community3,234.0,45.81540699999999,139.77416875000006,82.1392652
community3,235.0,29.54664864285714,127.93105442857143,90.56371125714281
community3,236.0,46.098137559999984,138.71600279999996,89.60118622000002
community3,237.0,38.51929611666667,135.9138265,86.37133221666667
community3,238.0,35.79382364000001,135.04205520000005,69.34170354
community3,239.0,36.305221800000005,135.06627740000005,76.84666674000003
community3,240.0,107.45238600000002,138.07376759999997,93.73961787999998
community3,241.0,96.83488677999998,142.20457280000002,83.47981114
community3,242.0,83.63049479999998,143.63130680000003,87.95817744
community3,243.0,100.4719382688172,139.48670591397845,96.87074332258064
community3,244.0,104.30073566037736,139.7052103773585,76.91799737735849
community3,245.0,97.94282925000002,141.97274375,75.84518077499999
community3,246.0,103.73504785714286,140.54088942857143,86.22982707142857
community3,247.0,89.9462043333333,143.39315166666665,82.64515653333335
community3,248.0,91.36087637142855,142.23153442857142,92.39548168571427
community3,249.0,110.62385674999999,137.84491725000004,87.36525532500004
community3,250.0,29.882570984375,124.55292656250003,100.24636717187498
community3,251.0,44.6838743125,129.08662300000003,112.48342175000002
community3,252.0,44.547602399999995,135.66884900000002,100.62785007999999
community3,253.0,37.31402123333332,119.73460150000005,116.09099199999994
community3,254.0,47.897585500000005,126.40616599999998,119.3649186666667
community3,255.0,43.93237188000001,121.18687320000001,121.18688000000003
community3,256.0,50.49093462000002,134.8397556,108.18428679999997
community3,257.0,38.66431504285714,130.73862499999993,102.36407935714284
community3,258.0,30.857927759999992,119.39040159999999,109.1033862
community3,259.0,36.679606275000005,125.24975300000003,108.66602050000002
community3,260.0,62.800792675000004,133.99826375,44.762069675000006
community3,261.0,71.72758339999999,142.9040216666666,52.39887461666667
community3,262.0,79.23846196000001,135.05842299999998,44.74811348000001
community3,263.0,61.551833785714294,140.14971085714288,50.49066701428572
community3,264.0,67.5403544,144.67793600000002,56.626363800000014
community3,265.0,57.397214579999996,131.5797986,38.41895684
community3,266.0,70.91215519999997,126.98190019999998,41.14896392
community3,267.0,71.01110042500002,135.63566199999997,45.79475477500001
community3,268.0,79.23776068333332,141.05899183333335,49.893238266666664
community3,269.0,64.90726125,128.088098,39.326025650000005
community3,270.0,78.92746313333332,131.69319733333336,124.20377166666668
community3,271.0,55.380544650000004,128.62540566666667,121.4933498333333
community3,272.0,61.93718694827588,124.18957741379307,128.64477775862068
community3,273.0,58.26665919999999,134.78763462499998,115.25515437500007
community3,274.0,72.81208447499999,135.21953425000004,119.03028474999999
community3,275.0,71.0269328103448,125.36860741379311,130.11098706896553
community3,276.0,53.420899119999994,122.59570519999994,126.19489319999998
community3,277.0,65.75217207142857,131.73769514285715,122.63160042857146
community3,278.0,67.04142742500001,137.35199725,114.83560399999999
community3,279.0,74.79532185,129.00802425,126.92652500000001
community3,280.0,86.3172549166667,134.09364366666665,118.94087016666663
community3,281.0,92.58306949999998,137.38842428571434,109.42244799999997
community3,282.0,76.18915752499998,140.92371075,107.96446624999999
community3,283.0,86.30844314285717,141.98694928571433,98.54595495714285
community3,284.0,96.86427350000001,138.00710075757578,103.91161825757575
community3,285.0,79.47383029999999,135.91758850000002,118.08522449999998
community3,286.0,82.28360333333332,138.24258833333334,113.66582433333333
community3,287.0,78.5453175,142.3850398,100.01291051999999
community3,288.0,85.00998613333334,139.5219983333333,107.98282350000001
community3,289.0,73.70472663333334,138.994221,112.66112266666667
community3,290.0,38.082712920000006,134.3616226,55.28515176
community3,291.0,47.652145600000004,136.15297499999997,48.52080276249999
community3,292.0,44.1464721,138.989562,62.509182925000005
community3,293.0,40.301954650000006,131.271076,41.22740210000002
community3,294.0,54.51915146666667,141.19676233333334,54.33249879999998
community3,295.0,30.401616351351347,130.55351918918916,59.846012648648646
community3,296.0,34.53548422,130.72281679999998,49.34627922
community3,297.0,49.84234557999999,133.20423420000003,39.54681272
community3,298.0,49.297822525,139.80869449999994,57.360743
community3,299.0,38.255837424999996,135.77910425000002,62.7464067
community3,300.0,91.1250723,144.93679228571426,61.061910142857144
community3,301.0,79.12297854999997,144.86008083333334,80.51749175
community3,302.0,82.79030611999998,146.13084379999998,66.5641736
community3,303.0,91.21320738,144.10990239999998,71.76794294
community3,304.0,86.26293845000001,144.08673800000003,53.826291900000015
community3,305.0,76.64084994,146.23540720000005,72.47634686
community3,306.0,97.81699524999999,142.38686024999998,68.53084415000001
community3,307.0,74.85099512500001,146.47297625,63.091837074999965
community3,308.0,86.13113932,144.87646580000006,75.6004476
community3,309.0,80.40760887500001,145.27122975,58.699254499999995
community3,310.0,123.09858757142858,128.06011942857145,112.0373377142857
community3,311.0,108.25648578947367,135.56417385964912,103.23642703508771
community3,312.0,126.04131779999996,130.95257419999996,100.83906198000003
community3,313.0,115.7295158,130.11809419999997,114.50788320000001
community3,314.0,120.80819619047617,133.67103238095243,94.36628909523813
community3,315.0,128.23613319999998,128.02304880000003,105.88049599999997
community3,316.0,114.10014166666664,135.17977733333328,97.28052223333334
community3,317.0,108.49577419999997,133.90529760000004,109.68843199999998
community3,318.0,127.67274600000003,131.81368400000002,93.80202492499997
community3,319.0,117.01193916666668,132.6340741666667,104.96656650000001
community3,320.0,114.99072599999998,69.09770638333332,150.85742583333334
community3,321.0,112.24288525000001,85.37143182499999,150.6199305
community3,322.0,125.78748740000003,66.24009421999999,148.9778628
community3,323.0,99.11596877500001,74.45441480000001,152.10609775
community3,324.0,120.30063779999999,81.88724216,149.06178260000007
community3,325.0,104.639594,69.61478025,153.16260016666666
community3,326.0,107.76845950000002,81.86417655,152.0075085
community3,327.0,122.67013799999998,74.322155975,148.8833125
community3,328.0,101.70420337499999,79.70481244999999,152.008061
community3,329.0,112.6924816,75.74262266000001,149.81504060000006
community3,330.0,96.69361245999998,111.89235200000006,140.63417579999998
community3,331.0,81.99283573333332,118.9067945,135.36804433333333
community3,332.0,89.28195418333334,122.07952199999997,132.30740583333332
community3,333.0,82.81945508163264,106.38886551020406,143.64316877551025
community3,334.0,95.4876579,118.91887957142855,134.99251799999996
community3,335.0,83.02914836666665,126.39180449999999,128.77582766666666
community3,336.0,82.49650363999997,112.84889880000003,139.7563272
community3,337.0,103.2457632,114.6872776,138.2556542
community3,338.0,89.19225621666666,111.9027565,140.46899133333335
community3,339.0,75.4669123269231,118.55612211538461,135.68580942307693
community3,340.0,150.4171545,95.8623289666667,133.7117256666667
community3,341.0,148.14870049999996,112.25740425,120.52655975
community3,342.0,139.52796000000006,112.02613042857149,125.88549685714284
community3,343.0,141.06664100000003,101.12326803749993,134.53855574999997
community3,344.0,155.2801525,103.8461385,124.72078366666669
community3,345.0,157.9672012,93.41055141999998,130.06019579999997
community3,346.0,155.91516266666673,109.48514866666669,118.54104866666667
community3,347.0,162.52455799999998,101.36098246666664,121.50866066666667
community3,348.0,146.70497575000005,106.60797650000002,127.76895474999996
community3,349.0,158.52895949999998,111.08914999999999,113.6573995
community3,350.0,131.91825742857142,75.44767324285712,147.4901788571429
community3,351.0,155.9966285,84.07422252499997,136.23295374999998
community3,352.0,136.52189625000003,87.56341575,143.77802649999995
community3,353.0,140.22897259999996,74.20285506,145.23609100000002
community3,354.0,133.60515950000007,65.02762270000001,146.96651774999995
community3,355.0,142.55825524999997,90.861154375,140.03667850000005
community3,356.0,150.80648142857143,75.01168838571434,141.12284642857145
community3,357.0,143.9074938,64.9994063,143.87374739999998
community3,358.0,146.35666433333333,84.04333928333331,141.34461183333335
community3,359.0,131.16664400000005,84.08438552500002,146.08892975
community3,360.0,127.04472000000001,98.70391692499996,141.87926124999998
community3,361.0,117.4273765,107.60662500000004,139.1531815
community3,362.0,111.99428133333332,99.22907689999995,146.46212633333334
community3,363.0,132.31453100000002,104.2731385,136.32974399999998
community3,364.0,117.92603100000002,90.1421132,147.86392442857144
community3,365.0,134.20282949999998,95.9020382,140.90265275
community3,366.0,125.29395025,105.30664999999999,138.27602749999997
community3,367.0,126.8432714,90.50653286000002,145.79654860000005
community3,368.0,118.92590049999998,99.39851426666662,143.2474128333333
community3,369.0,110.2250634,108.1465024,141.76028200000002
community3,370.0,112.11015825,113.43109650000001,137.63957924999994
community3,371.0,129.55226360000003,122.33531180000006,117.81361159999999
community3,372.0,131.49688139999995,111.41183500000002,130.888526
community3,373.0,115.65256649999999,122.48864283333332,126.57034283333334
community3,374.0,116.491099,116.24929224999998,132.94102374999997
community3,375.0,122.26293133333327,111.77712933333329,133.3548965
community3,376.0,120.6501468,124.7720304,120.00790319999999
community3,377.0,133.2727575609756,117.33141243902442,124.26880317073172
community3,378.0,110.69922300000003,119.03710000000001,133.29671049999996
community3,379.0,124.74645957142857,118.4390178571429,126.11505114285714
community3,380.0,153.99352799999997,115.3008398,109.90562260000003
community3,381.0,143.19281879999997,123.39230580000002,101.52782971999997
community3,382.0,145.6022325714286,118.73029885714283,111.80217328571429
community3,383.0,154.572345,121.03956133333332,94.44183323333336
community3,384.0,135.68791699999997,128.43472180000003,94.08375760000001
community3,385.0,136.59683888888884,122.00410474747476,113.53451000000005
community3,386.0,159.22563566666668,115.14652599999998,102.59393313333335
community3,387.0,152.04588725000002,119.65324150000001,101.49662872500001
community3,388.0,145.51423836734693,124.74642102040818,92.61782028571432
community3,389.0,136.37551159999995,126.4467404,101.58808205999999
community3,390.0,91.66379823333332,131.84267516666668,120.37770833333333
community3,391.0,109.96299016666666,128.168981,121.32532983333331
community3,392.0,98.48890063333334,124.437217,128.42988366666665
community3,393.0,100.3865205,134.63871925925926,112.12355296296298
community3,394.0,103.50108025,120.623167,132.46677124999997
community3,395.0,106.62937019999998,131.3613768,116.65016420000002
community3,396.0,99.16597361666663,130.59425783333333,120.58873566666668
community3,397.0,103.46348300000005,125.42870866666665,126.353336
community3,398.0,108.99830600000003,124.01624233333335,127.66381033333333
community3,399.0,91.90289867999999,127.46332859999997,126.486633
community3,400.0,101.13140148000002,92.61705092000003,150.4049304
community3,401.0,95.14531893999998,105.81152019999999,144.54126079999998
community3,402.0,91.28629664912279,89.34734201754384,151.97303789473682
community3,403.0,103.51380725000001,106.86637100000003,143.75733275
community3,404.0,87.29595744999999,102.18574275000002,146.234272
community3,405.0,98.02303111666669,85.53931426666666,152.54894650000006
community3,406.0,104.823243,100.77527565000001,146.78970800000002
community3,407.0,96.36123456666662,98.98427988333331,148.10713750000002
community3,408.0,88.63194670000003,96.85566945000001,149.29306400000002
community3,409.0,107.37235825000002,92.43792484999997,150.18678925
community3,410.0,49.40161147999999,95.10763365999999,140.2240366
community3,411.0,64.27297254999999,83.051123325,149.5900025
community3,412.0,48.047354416666664,81.03841640000005,141.89187266666667
community3,413.0,63.376757100000006,76.05041212500001,150.08899624999998
community3,414.0,59.43880437999997,89.26026545999997,146.73904800000003
community3,415.0,45.33670207142859,89.07662029999999,139.96511000000004
community3,416.0,67.21532492,89.73310028000002,149.0881492
community3,417.0,56.91205461666665,95.61037903333333,143.44551716666663
community3,418.0,54.63644553333332,84.22591408333334,145.93953966666666
community3,419.0,56.65306320000002,76.16519745000002,147.28578675
community3,420.0,29.38560772857143,49.29293961428572,123.93385942857141
community3,421.0,35.515178799999994,37.883765387499984,123.62348375000002
community3,422.0,41.449619649999995,47.572957825,134.9989995
community3,423.0,28.919130174999992,42.53556977500001,119.27818925
community3,424.0,38.732772100000005,54.089485100000005,135.807813
community3,425.0,35.48824275,47.74717274999999,129.99737800000003
community3,426.0,33.42378573333333,55.897991183333325,131.19158299999995
community3,427.0,41.77460799999999,42.1594298,131.8797
community3,428.0,24.680372433333332,44.689564799999985,115.13072033333334
community3,429.0,39.805234125000005,39.2274311,128.83361174999996
community3,430.0,68.14268387804879,41.56076299999999,143.55725073170737
community3,431.0,74.42407404285713,61.13324144285712,151.63339857142853
community3,432.0,76.66577376249998,53.09071865000001,149.30452749999998
community3,433.0,63.778052414285696,58.14697705714286,148.855638
community3,434.0,84.30604635000002,60.289356850000004,152.5208175
community3,435.0,67.17080788,50.58435504000001,147.43056920000004
community3,436.0,74.28467656000002,45.34080664000001,146.5647418
community3,437.0,85.60508284482756,54.268577482758616,150.83926155172412
community3,438.0,60.55000418333334,50.006326883333344,145.0749275
community3,439.0,66.64494939999999,65.88601324000003,151.52214620000004
community3,440.0,37.84605078571429,81.84008974285717,134.59655971428575
community3,441.0,26.593774385714283,95.83408791428572,120.59185671428575
community3,442.0,28.10863438333333,85.75603571666667,125.16972316666669
community3,443.0,22.52974694,81.05510792000004,117.7483984
community3,444.0,38.203487700000004,91.14654275,134.55712825000003
community3,445.0,33.555552999999996,74.95534328571426,131.34752685714284
community3,446.0,33.178990899999995,86.68664586000001,130.23368920000007
community3,447.0,28.194885675000013,76.71076285000001,124.46357699999999
community3,448.0,32.970771275000004,94.83082770000001,128.21396175
community3,449.0,23.156943225,88.1087492,119.07814475
community3,450.0,63.74556474999999,101.72423154999996,143.0639066666667
community3,451.0,67.16734081666667,110.77697200000001,139.29484516666668
community3,452.0,58.34715806666666,109.90465083333332,137.05341616666666
community3,453.0,72.18885759999998,103.42570600000003,144.14080639999997
community3,454.0,79.37453165853658,100.10781848780489,146.95300756097558
community3,455.0,60.35427755555557,117.07461875000006,133.66887611111108
community3,456.0,56.162594842857146,102.8561935714286,139.8445511428571
community3,457.0,70.77150320000001,96.89636905000003,146.9794973333333
community3,458.0,69.403369075,118.35466725000003,135.1322865
community3,459.0,73.87411016000001,110.0872642,140.8667538
community3,460.0,28.6238933,106.85854975000002,117.1182565
community3,461.0,51.25492682857143,114.38574499999997,131.4344961428571
community3,462.0,40.37414735,101.65402574999999,132.27236474999998
community3,463.0,34.1162527625,110.75353587499997,120.12532162500001
community3,464.0,42.80455028750001,114.80308424999998,125.667093875
community3,465.0,38.616505800000006,96.15177324999999,133.689707
community3,466.0,45.66491201666666,107.79131700000003,132.1109368333333
community3,467.0,30.637293275,101.22551049999998,123.04058424999998
community3,468.0,36.520124499999994,104.10543280000003,127.57939899999995
community3,469.0,45.657135659999994,100.02784163999996,136.64375479999998
community3,470.0,93.21063581428568,63.51075991428573,153.5147765714286
community3,471.0,72.70587895714284,85.59284529999998,151.3992087142857
community3,472.0,77.36329424285715,70.6414492285714,153.20471385714285
community3,473.0,87.6938952,77.79705788333335,152.44830716666667
community3,474.0,79.7880152,79.35243460000001,152.72131766666672
community3,475.0,80.27706412500001,92.04654583749999,150.205376
community3,476.0,69.79489513333334,74.12301731666668,151.5801481666667
community3,477.0,85.5872820857143,66.99164784285713,153.82788842857144
community3,478.0,93.22859758,73.85224837999999,152.4764624
community3,479.0,84.76144806976744,86.44934172093022,152.5235820930233
community3,480.0,30.00944531428572,62.89436419999999,128.61907214285708
community3,481.0,21.589168679999997,55.879730820000006,116.48160140000002
community3,482.0,20.83381862000001,74.33348555999999,114.57293140000002
community3,483.0,23.14575353999999,64.56117161999998,121.09058600000002
community3,484.0,21.524850133333334,49.07904476666667,113.48011699999999
community3,485.0,25.673497899999994,56.50455125,122.48108925
community3,486.0,23.64085506666667,72.57714636666668,120.64208966666666
community3,487.0,28.51319515000001,69.37439449999998,127.10624075000001
community3,488.0,19.103195300000003,65.72149365000001,115.07356374999999
community3,489.0,18.458062366666674,56.47404946666666,111.94973299999998
community3,490.0,51.695788779999994,34.41159258,133.9294454
community3,491.0,60.999747433333354,34.34964400000001,137.22672933333334
community3,492.0,53.269738960000005,48.41476104,142.28830000000002
community3,493.0,54.76335041428573,27.481742828571424,131.12358585714279
community3,494.0,44.88487208333333,29.730899950000005,126.97748616666667
community3,495.0,52.02696782,42.28854902,138.58385259999997
community3,496.0,59.283179125000004,41.28534340000001,141.03468425000008
community3,497.0,45.618457750000005,37.603048000000015,132.758449
community3,498.0,66.10240889999999,37.699276033333334,141.122232
community3,499.0,45.95418912499999,45.237384750000004,136.99417699999998
community3,500.0,53.772404099999974,59.9213266,146.02008899999998
community3,501.0,48.783762779999996,73.23125836,143.0992032
community3,502.0,37.11162018333334,64.43666390000001,136.19051416666667
community3,503.0,56.10358094000001,69.47454547999997,147.50542020000003
community3,504.0,42.769874679999994,56.94964288000001,139.78100800000004
community3,505.0,42.87494984999999,76.51040857499997,138.321483
community3,506.0,50.20464841999999,54.208238239999986,143.23945259999996
community3,507.0,46.647878985714286,64.55894157142859,143.4810588571428
community3,508.0,59.78211277500001,66.3304732,149.71102049999996
community3,509.0,40.490747074999994,70.025631025,138.64240250000003
community3,510.0,66.460791175,2.109540505000001,79.47128028749997
community3,511.0,84.86030639024392,2.5834928682926823,85.1565433902439
community3,512.0,80.09840864,0.3343723847999999,65.07233909999998
community3,513.0,71.72686264999997,0.9599137767666667,69.78086269999999
community3,514.0,69.44238904000001,3.11574706,87.2196607
community3,515.0,78.60316759420292,2.9387013565217397,89.30909885507246
community3,516.0,81.26613346,0.16725961922,72.24686820000001
community3,517.0,62.71589704,2.3088487760000005,72.49619624000003
community3,518.0,77.41339073333333,1.1730289367666666,79.87314458333334
community3,519.0,87.08483466,1.3916287052000005,77.61565508000001
community3,520.0,20.135161125000003,41.46064042500001,39.11283850000001
community3,521.0,29.86847925,25.383044324999997,48.752750875
community3,522.0,25.167509628571437,32.48374132857143,42.466447571428574
community3,523.0,18.848820699999997,34.13252773333333,53.43908433333333
community3,524.0,24.409328683333328,27.743614749999992,53.952878349999985
community3,525.0,29.954524550000006,31.002523400000005,33.1883677
community3,526.0,35.04103996,20.4267553,51.43096411999999
community3,527.0,28.321410599999997,21.899483933333332,59.98160036666666
community3,528.0,16.717079571428577,39.71257607142857,47.668881042857144
community3,529.0,33.51466897499999,24.779070124999986,41.382784300000004
community3,530.0,51.78669303333333,21.219990433333336,124.58990999999999
community3,531.0,40.43337467999999,25.62343666000001,119.47889840000002
community3,532.0,43.24074638750001,15.723611700000003,105.43121837500003
community3,533.0,33.333265159999996,28.038379779999993,113.24718860000002
community3,534.0,50.8933615,13.2753861,113.42739839999999
community3,535.0,35.527049416666664,22.42451911666667,107.70024499999997
community3,536.0,54.828653249999995,15.896010882352941,119.89636338235292
community3,537.0,42.91866856666666,19.52835391666667,114.41514150000006
community3,538.0,35.43375196666668,31.16295416666668,119.15245433333335
community3,539.0,46.408400075,23.296881900000002,122.73474100000001
community3,540.0,30.439855620000003,23.04677976,96.68206390000003
community3,541.0,38.10685017499999,14.298549525000004,81.96961099999999
community3,542.0,26.771144800000002,23.75553,89.150513725
community3,543.0,44.04449805,12.196687550000002,95.2373477
community3,544.0,30.16343533333334,19.51224533333333,76.62006608333336
community3,545.0,36.26863149999999,18.358987799999994,98.06156523999998
community3,546.0,44.897766525,10.1690025975,85.98122860000001
community3,547.0,38.443552049999994,15.100641266666672,91.11690595000002
community3,548.0,24.222072774999997,24.657559999999997,83.06512435
community3,549.0,31.72847466000001,18.692207039999996,85.44198058000003
community3,550.0,38.974366839999995,13.29137858,73.30683143999998
community3,551.0,35.595376525,17.8526816,59.09889780000001
community3,552.0,51.90069325,7.879056162499998,62.86070805000001
community3,553.0,52.75230548750001,5.8787596562500015,78.64943626249998
community3,554.0,45.87974964705882,14.269679323529406,55.3082963235294
community3,555.0,32.41235970000001,17.65383425,68.80474382499999
community3,556.0,45.91739289999999,10.30696668833333,64.70584215
community3,557.0,55.12555158000001,5.013090688,70.43412471999999
community3,558.0,38.46887596,14.716523800000003,64.21484930000001
community3,559.0,44.72536565,9.889951156666667,76.1314893666667
community3,560.0,26.998198200000004,27.669537599999998,99.58613393333331
community3,561.0,20.239833066666666,43.89843336666666,107.01496649999997
community3,562.0,13.776341719999998,42.739469559999996,89.66475719999997
community3,563.0,27.34382525,37.20065520000001,113.056394
community3,564.0,18.280553750000003,34.33299508333333,88.77574594999996
community3,565.0,19.334762399999992,36.71292176000001,98.25352466
community3,566.0,29.332769966666667,27.525780633333337,105.23156466666667
community3,567.0,16.23693356,43.71383892000001,99.43216064
community3,568.0,24.969469260000004,33.10498271999999,104.68854459999999
community3,569.0,22.767648899999994,29.677654750000006,93.82182634999998
community3,570.0,63.54165016666666,4.2658994,89.36609363333332
community3,571.0,61.549852933333334,6.784878125000002,103.45262501666664
community3,572.0,50.36429994285714,8.901845309999997,95.35937724285716
community3,573.0,74.90871307500001,4.885698714999999,97.55160382500003
community3,574.0,52.68816671428571,10.226427224285716,104.8780622857143
community3,575.0,61.6457815857143,9.707257225714288,111.69397857142856
community3,576.0,55.47268985000002,5.391678011666668,86.73435541666667
community3,577.0,59.24541628,6.02357469,95.13157366
community3,578.0,70.06107625999998,6.106893590000003,104.07442940000001
community3,579.0,67.95142242000001,4.160521647999999,94.53969215999997
community3,580.0,52.490411139999985,20.621445540000003,37.014037980000005
community3,581.0,39.126454425000006,23.0939527,36.45694225
community3,582.0,50.64119726666666,16.2744265,49.79212689999999
community3,583.0,61.04546928,24.257839920000006,31.452894660000002
community3,584.0,39.85230986,26.521634539999994,28.783639900000004
community3,585.0,61.32749026,21.81499436,42.330591680000005
community3,586.0,41.376508499999986,19.316947425,46.723587925
community3,587.0,51.78842624000001,24.244880139999996,27.925370620000002
community3,588.0,49.73283796,18.864951400000002,44.5085441
community3,589.0,44.73432923333334,21.991815666666664,35.09601919999999
community3,590.0,58.40269804000001,7.862365646,58.60321379999999
community3,591.0,71.7889145,4.106340167499999,56.097643774999995
community3,592.0,68.15719105000001,20.35610858333333,46.78351073333334
community3,593.0,67.30175411999998,3.4957538720000003,63.00677686
community3,594.0,77.61485531666663,2.3702333233333337,57.27420300000003
community3,595.0,63.596973599999984,14.846346179999998,49.49629906
community3,596.0,56.64206959615384,14.069083596153849,51.940509115384614
community3,597.0,73.28044552499999,9.730435759999997,50.610588250000006
community3,598.0,65.67245503999999,9.124730020000001,53.6697432
community3,599.0,60.19300746666668,4.861774,64.12128133333334
community3,600.0,10.723455684000001,40.67213178,68.09482224
community3,601.0,21.45204146,27.279096279999994,62.85340354000001
community3,602.0,18.308431380000002,31.30577362,81.08549786
community3,603.0,11.405394441428571,41.47295052857143,78.88066132857146
community3,604.0,11.520043787999999,41.696637100000004,58.14104556000001
community3,605.0,15.73696268333333,34.44626571666667,62.44990793333331
community3,606.0,26.378612666666672,22.052062499999998,67.819597
community3,607.0,22.7224469,25.85666285,74.84424875
community3,608.0,14.992763550000003,35.16951139999999,75.13673842499999
community3,609.0,19.032669966666663,28.731276166666667,70.7713964
community3,610.0,12.567102559999999,50.62181520000001,43.53163582
community3,611.0,2.1444147274999996,61.076013775,62.82126135000002
community3,612.0,9.06638255,67.8906251,42.30625544
community3,613.0,6.330707737500001,48.99279915,64.576592725
community3,614.0,8.008907547142858,50.54452022857142,51.74901714285714
community3,615.0,4.715526261666667,61.29655113333333,51.97665695000001
community3,616.0,11.662111649999995,60.30607958,40.20542785999999
community3,617.0,3.5905540800000004,56.91596009999999,69.19874429999999
community3,618.0,4.494563395000002,54.12131617499999,59.406363299999974
community3,619.0,4.058460963999999,69.49965481999999,52.196550660000014
community3,620.0,6.83276053,107.92732249999997,68.18007925
community3,621.0,17.73793616,121.73225220000002,64.25175861999999
community3,622.0,15.435787549999997,117.45370675000001,74.96229422499998
community3,623.0,13.037669799999998,116.091561,59.022538550000014
community3,624.0,21.930455551724144,125.40226620689657,73.10534384482759
community3,625.0,25.23651439534884,127.90520767441858,64.92916253488372
community3,626.0,11.985145974999998,115.70313925,65.6938231
community3,627.0,4.68947925,103.1038935,60.26893705000001
community3,628.0,10.122321243333335,111.41606633333335,74.51943763333334
community3,629.0,8.184547485,108.61729125,59.05124395
community3,630.0,10.30919631212121,100.9527844848485,90.30145687878786
community3,631.0,4.930362110000002,99.201332775,78.84654717499998
community3,632.0,4.3059342560000005,84.34725636000002,85.20843297999998
community3,633.0,8.7775846075,91.30392620000002,94.25007144999998
community3,634.0,7.961697173333333,106.35896366666664,78.18481773333333
community3,635.0,2.64012239,90.71777025,78.39009515
community3,636.0,3.290558934999999,99.96230835000001,67.5879502
community3,637.0,2.860051600000001,97.85559823333334,72.34682666666666
community3,638.0,6.789200925000001,92.217265525,87.97924785
community3,639.0,8.117764413333333,100.52626296666666,84.80548683333335
community3,640.0,10.430963847142856,52.315052328571426,92.80512205714288
community3,641.0,2.9286617299999995,63.72390827500001,77.58544717499998
community3,642.0,6.622150084,48.756855699999996,74.41440728
community3,643.0,5.329671265000001,61.54888269999999,84.62866067499999
community3,644.0,14.763689199999998,50.82554369999998,101.63516662500001
community3,645.0,11.204464572500001,58.176649175,98.34250339999998
community3,646.0,7.604933361666666,51.68612605,84.34195773333333
community3,647.0,4.7690654125,69.53487474999999,85.74971207499999
community3,648.0,3.722924523333333,56.793781100000004,75.25007756666668
community3,649.0,7.715803599999999,63.599194950000005,92.24729495
community3,650.0,24.0146291,104.43099049999996,112.13406383333331
community3,651.0,17.845444849999996,99.966439,105.84784599999998
community3,652.0,19.305304633333336,87.77158563333332,113.40857866666666
community3,653.0,25.65883344285714,112.84243485714285,108.32384914285717
community3,654.0,15.2275686,103.82882366666668,98.49496306666664
community3,655.0,21.178854774999998,95.76848049999998,113.20151250000004
community3,656.0,12.777024050000005,97.15021125000001,99.38625590000001
community3,657.0,19.888976275000005,107.24364950000002,103.99405900000002
community3,658.0,11.859699,91.11152259999999,100.14342300000001
community3,659.0,16.23495458333333,91.28749641666667,107.2309036666667
community3,660.0,12.001835016666664,85.4442558166667,35.57125899999999
community3,661.0,3.1787602075,92.342141425,51.039009325
community3,662.0,8.777016900000001,97.16394643333336,42.51044653333333
community3,663.0,6.3197044600000005,76.47383155000001,44.249645199999996
community3,664.0,14.495326233333335,98.60796076666666,35.48587238333334
community3,665.0,5.1099715666666645,83.45597081666665,45.11352289999999
community3,666.0,11.341793957500002,74.56211075,37.779260475
community3,667.0,5.502012059999999,100.4696596,53.24282982
community3,668.0,6.5880746199999995,91.81008803333336,43.44875209999999
community3,669.0,11.256345,102.44641900000002,43.417251149999984
community3,670.0,1.2343905984999999,83.246510825,55.89692715000001
community3,671.0,1.4601180716,73.46197263999998,72.73044785999997
community3,672.0,0.712548477,91.47887365,67.09408355000002
community3,673.0,2.69301805,75.236840475,55.397033675
community3,674.0,2.187006923333333,66.5088214,72.25006296666666
community3,675.0,1.1939900929999998,84.84781855,73.04917464999998
community3,676.0,2.1573187899999997,78.20355237500002,79.07678159999996
community3,677.0,0.3528293663,83.04685822500002,65.11014379999999
community3,678.0,1.3432137541999998,93.34418296000001,60.4511383
community3,679.0,1.8818173999999996,71.26186654000001,63.869281439999995
community3,680.0,10.59597858,83.18244318333335,98.8257782
community3,681.0,11.849627749999998,64.09758645,101.83092834999998
community3,682.0,14.576940400000005,74.70269488333332,103.97635650000002
community3,683.0,10.135646352,71.00420289999998,97.48320385999999
community3,684.0,15.929741766666668,54.93168103333333,107.58417833333333
community3,685.0,15.679197666666672,82.25834308333334,107.990833
community3,686.0,7.035354333333333,80.68345126666667,91.96617453333333
community3,687.0,15.182201274999997,61.9445636,107.47945674999998
community3,688.0,17.061346474999997,70.636681925,109.40726800000002
community3,689.0,6.350867580000001,74.43143482500001,90.06257465000002
community3,690.0,21.824273979999994,116.03802639999999,39.632526219999995
community3,691.0,23.057157699999998,120.82293020000003,48.35717522
community3,692.0,10.487859976666668,107.94806066666666,51.65786296666666
community3,693.0,29.71525286666667,124.3408173333333,41.23664816666667
community3,694.0,26.2167034,126.54046150000002,55.31225385000001
community3,695.0,18.834865965517245,107.9524324137931,35.28895365517241
community3,696.0,14.938195274999998,108.42710974999997,42.475344225
community3,697.0,29.34334896666667,126.22238399999999,47.279827666666684
community3,698.0,15.526453649999999,114.74539899999999,50.91783516666666
community3,699.0,21.53600046666667,123.08293833333336,55.99255133333335
community3,700.0,20.48355182,122.10416540000001,81.50532484000001
community3,701.0,13.7281673,108.8673845,90.4444268
community3,702.0,19.108138633333333,115.59334766666667,92.49067983333335
community3,703.0,12.384452624999998,111.78992500000001,83.052900225
community3,704.0,24.80219243333334,118.02169500000001,101.28106336666669
community3,705.0,22.939512692307687,120.88261423076922,93.92949838461541
community3,706.0,16.674076333333332,115.72550233333335,87.50512886666668
community3,707.0,13.475568176470588,105.03040235294118,94.36106317647058
community3,708.0,19.891960124999997,112.8779045,98.31245742499998
community3,709.0,22.6660371,123.344783,88.72244076666667
community3,710.0,46.96738837142856,79.82230367142857,6.7021151557142895
community3,711.0,46.021752799999994,61.97870558333334,7.091414113333332
community3,712.0,53.59955861666667,87.52445244999997,2.341521086666667
community3,713.0,37.406289480000005,74.49313899999999,13.211687439999997
community3,714.0,45.33347197499999,92.5617437,3.97452124
community3,715.0,46.867434825,70.44444200000001,7.9635440074999995
community3,716.0,55.182936999999995,63.958524924999985,3.02075835
community3,717.0,38.474038650000004,84.82362108333334,9.366554830000002
community3,718.0,37.00878461666667,65.25742499999998,12.609753883333333
community3,719.0,54.19699322499999,72.214096575,3.8456963075000004
community3,720.0,35.35627306000001,126.22831660000007,35.24621102
community3,721.0,53.9349223,124.78893860000002,21.33018482
community3,722.0,35.895500133333336,119.12244166666667,20.049561566666668
community3,723.0,45.99722130000001,129.28186183333327,30.540836150000008
community3,724.0,63.93088106666666,125.68393566666666,27.582561833333326
community3,725.0,32.11657883333333,121.58968533333335,29.366561866666665
community3,726.0,45.12112958333332,119.3243665,14.4369885
community3,727.0,42.07852243333332,124.47571800000001,23.585627766666665
community3,728.0,58.480110424999985,128.61075325,30.013471000000003
community3,729.0,27.81739066666666,119.85142766666665,34.20484286666666
community3,730.0,63.03518252500002,65.96728710000001,0.7301540444749999
community3,731.0,67.25808735,84.92382264999999,1.1592143467500002
community3,732.0,81.85678519999999,75.728368375,4.2237744
community3,733.0,75.13856796666667,92.73514986666666,6.716121046666667
community3,734.0,71.71622437142857,70.7496389857143,1.1227333757142857
community3,735.0,60.325501540000005,80.18583127999999,0.7692304501399999
community3,736.0,76.41312785714285,83.93402924285712,3.9975314199999996
community3,737.0,78.21288790000001,67.57074172000002,3.2402310819999993
community3,738.0,64.23525260000001,73.62021043333333,0.6142975143333335
community3,739.0,63.93282112500001,90.92920632500001,1.8944124599999999
community3,740.0,54.77084163333333,40.50460980000001,9.17897584333333
community3,741.0,37.20736366666667,33.89163308333333,20.687663583333325
community3,742.0,40.92851065,52.95601520000001,9.641274887500003
community3,743.0,56.87207817499999,34.477045149999995,13.395473824999996
community3,744.0,39.53166381428572,42.137108471428576,13.61200538571429
community3,745.0,48.73003715,52.983844975,5.51859137
community3,746.0,44.77969892500001,28.893460999999995,21.410995449999998
community3,747.0,49.19322124000002,45.32711545999999,7.933668387999998
community3,748.0,57.97825676666667,29.223258133333328,20.56110401666666
community3,749.0,48.04715748000002,34.37373480000001,14.82436596
community3,750.0,16.79689875,92.21486734999999,29.761458250000004
community3,751.0,27.688645924999992,70.34155460000001,18.732269300000006
community3,752.0,22.14414295,70.24405095000002,25.126183450000003
community3,753.0,22.58434925000001,78.828644825,22.106233999999994
community3,754.0,17.607482750000003,76.68248639999999,29.998972449999997
community3,755.0,19.43093235,87.81898832500003,24.179959150000002
community3,756.0,16.6652627,82.40017963333334,28.681925299999996
community3,757.0,25.179587225,87.197407375,16.055446999999997
community3,758.0,29.606407474999997,78.91055735000002,16.144635700000002
community3,759.0,16.750387224999997,70.40167135000003,32.29054727500001
community3,760.0,62.28791452,120.81581080000004,16.806486900000003
community3,761.0,62.64496586000002,108.459903,5.89005314
community3,762.0,79.78746262499999,106.64280474999998,20.248780224999997
community3,763.0,51.00357606666667,113.75427683333335,8.31185422
community3,764.0,69.73021865999999,120.16260939999998,25.124934239999998
community3,765.0,74.46907222222218,102.14282510000001,8.508965414444445
community3,766.0,51.73260398571432,103.28494340000003,4.039254509999999
community3,767.0,73.01623264000001,112.99112540000002,13.889915783999998
community3,768.0,62.24523875,98.42767151666666,2.7755228383333344
community3,769.0,62.58162952,115.56680979999999,10.481058675999998
community3,770.0,74.02467535000001,40.267624575,15.8422676
community3,771.0,59.23916192000001,48.29319644,5.175814689999999
community3,772.0,76.84820557142857,56.52033154285713,8.635115488571433
community3,773.0,66.954894225,54.320978649999994,4.728624784999999
community3,774.0,65.02674038571429,36.7941302,12.965198857142854
community3,775.0,83.44278179999996,56.38697785000001,18.597446374999997
community3,776.0,59.373708224999994,57.935317624999996,3.1387376675
community3,777.0,79.47272446666668,48.78677029999999,16.69098366666667
community3,778.0,69.59009065,59.870020049999994,2.1192651000000007
community3,779.0,69.67675783333333,45.891001850000016,8.560088236666665
community3,780.0,25.306000850000007,46.875516283333326,25.917792066666664
community3,781.0,23.837571571428583,59.264014571428575,21.310041642857147
community3,782.0,17.308902166666666,50.20744273333332,36.777431633333336
community3,783.0,31.088018039999998,49.070435880000005,16.5088892
community3,784.0,31.480940983333326,57.91935101666665,14.643685066666668
community3,785.0,16.776612575,57.584748975000004,35.038130499999994
community3,786.0,26.64262356666666,37.91687263333333,30.589161366666662
community3,787.0,30.646123760000005,39.337468500000014,22.70495552
community3,788.0,19.569317,61.27057997999999,29.70873257999999
community3,789.0,21.51817580000001,47.59404215,32.361092150000005
community3,790.0,84.38401223333334,82.8895862,9.969469756666664
community3,791.0,87.33877799999999,61.79005442857141,19.12134323809524
community3,792.0,87.32362290000002,92.40131670000002,22.897102871428572
community3,793.0,91.89178281999997,74.73118389999999,17.543578319999998
community3,794.0,94.02307792000003,80.03103879999998,22.160435999999994
community3,795.0,82.38331122,93.49048672,14.594225541999997
community3,796.0,86.25400045,65.49140757500001,12.835760087499997
community3,797.0,93.20988081666664,67.72232545,21.6022938
community3,798.0,86.67935126666666,72.23827966666667,9.32621686
community3,799.0,88.59143947499999,82.89603869999999,16.023635799999997
community3,800.0,33.129848383333325,112.69648850000002,17.22180601666667
community3,801.0,30.19152426,102.36119232000003,13.953350739999998
community3,802.0,23.17315002439025,111.51865268292681,30.250271853658543
community3,803.0,39.1089756,105.33145799999998,8.721952866666665
community3,804.0,23.551167920000008,98.46863572000001,20.1290531
community3,805.0,19.64326452,99.7274373,27.722502860000006
community3,806.0,30.091402059999997,92.20499918,12.104656799999995
community3,807.0,27.30666355999999,110.96021100000002,23.66309228000001
community3,808.0,39.20049974,97.4320017,7.262110431999999
community3,809.0,42.00872383333333,110.93115833333331,10.185986976666667
community3,810.0,176.49852849999994,56.8473695,116.16249975000001
community3,811.0,165.83712483333332,35.12208938333334,108.53766966666666
community3,812.0,175.22811883333327,44.23635794999998,106.69085533333335
community3,813.0,162.89802683333335,39.75096728333334,118.21048400000002
community3,814.0,169.87193549999998,47.69803231666667,118.04530516666667
community3,815.0,182.79929166666665,56.56668116666666,104.83285099999999
community3,816.0,156.379796,33.7214595,118.01894124999998
community3,817.0,180.21379425000003,45.498944275,96.73939055000002
community3,818.0,174.0936742,38.18538745999999,97.95504077999998
community3,819.0,179.49190774999997,55.73655345000001,109.96219150000002
community3,820.0,162.01006700000002,93.06732902499998,57.779201025000006
community3,821.0,171.30147900000003,81.66929185000001,61.182249924999994
community3,822.0,169.63789533333332,97.60967879999998,64.53358123333334
community3,823.0,175.67886166666668,75.8323662,65.4433147
community3,824.0,157.80410899999998,82.92885390000001,54.0713037
community3,825.0,173.71150266666666,92.19410206666667,66.56337666666667
community3,826.0,178.21746325000004,84.43300035,68.87463785000001
community3,827.0,166.80003200000002,104.61019749999998,65.16995004999998
community3,828.0,165.68124724999998,87.78304957499999,58.11055725000002
community3,829.0,164.50850600000004,79.81833065,56.79272374999999
community3,830.0,160.0338208,118.31107540000001,90.15836399999998
community3,831.0,165.97842625000004,107.32977249999996,109.96006175
community3,832.0,175.04314749999998,104.68539799999998,95.72539083333335
community3,833.0,166.05359760000002,111.40003199999997,101.40745324000001
community3,834.0,179.13520300000002,97.7001063,100.2664095
community3,835.0,170.749026,112.07834,87.5279356
community3,836.0,173.81151774999998,101.592100525,107.25043575
community3,837.0,165.3080915,116.72814850000002,82.86783345
community3,838.0,166.7189735,102.48173250000002,116.0123945
community3,839.0,167.37058049999996,112.96988825000001,92.63756397499998
community3,840.0,161.40963799999997,38.34659543333333,63.25430806666665
community3,841.0,175.1140675,38.27375417500001,75.54671092500003
community3,842.0,170.80672924999996,29.707127350000007,81.145673125
community3,843.0,177.26949733333328,39.71786224999998,85.16594081666668
community3,844.0,161.68307199999998,24.465579875,72.886908175
community3,845.0,173.02231640000002,48.0916837,67.42922604
community3,846.0,160.9191705,43.46688975000001,62.128287924999995
community3,847.0,161.04738999999998,29.363509800000003,66.131152575
community3,848.0,178.88432525,46.7692155,74.42951062499999
community3,849.0,168.81879059999994,33.43252987999999,71.01920752
community3,850.0,163.89073199999996,28.33578406666667,98.91838191666668
community3,851.0,158.71204025,20.625347550000008,88.82308225
community3,852.0,156.06712883333336,27.364491233333332,108.04084466666664
community3,853.0,162.79647833333334,22.91971343333333,80.87810919999998
community3,854.0,152.43305599999997,18.36904895,80.21294674999999
community3,855.0,150.62073789473686,17.200229842105262,90.41528228947367
community3,856.0,155.71863475,21.445889400000006,97.292591275
community3,857.0,166.36583075,26.31057255,88.604005325
community3,858.0,171.59877633333332,32.5798373,92.57113636666664
community3,859.0,156.568056,20.06653646666667,76.70358263333331
community3,860.0,168.86088699999996,80.37640271999997,127.06691640000001
community3,861.0,177.74342999999996,89.46257725,110.99921399999998
community3,862.0,180.06389400000003,68.4235446,111.43415579999997
community3,863.0,163.4092965,86.911417925,129.62160599999999
community3,864.0,183.08024525000002,86.37111132500002,101.98986970000001
community3,865.0,175.86981420000004,83.734042,117.6874154
community3,866.0,181.67817316666665,77.36471978333336,106.48995800000002
community3,867.0,168.9755851428571,94.02283147142857,120.96522885714289
community3,868.0,174.1321882857143,72.71519115714287,120.2557742857143
community3,869.0,175.13545624999998,96.0135983,110.32026649999997
community3,870.0,179.1216288000001,64.37335949999999,70.32065768000001
community3,871.0,185.22807671428575,72.53712599999997,92.52980918571429
community3,872.0,183.31818460000002,49.97940949999998,86.02349232
community3,873.0,184.85820925,64.156328225,99.70743029999998
community3,874.0,182.58715150000003,65.70905655,76.78997045000001
community3,875.0,181.376664,74.26980815999998,74.22751448000001
community3,876.0,185.34532533333336,80.26566571666665,87.3521922333333
community3,877.0,185.6481001666666,62.79547816666666,86.01035035
community3,878.0,182.04797374999998,55.96317715,76.016936775
community3,879.0,184.49484760000007,55.162575100000005,95.1446479
community3,880.0,163.11512760000002,53.78096753999998,128.79873740000002
community3,881.0,162.99537974999998,64.0790798,132.82960450000004
community3,882.0,152.89178742857135,55.09849641428572,136.19055528571428
community3,883.0,157.1480258,47.000394459999995,129.34238619999994
community3,884.0,170.5696031428572,59.951713771428565,123.58197685714283
community3,885.0,158.67322999999996,72.3541182,136.8605783333333
community3,886.0,161.3484085,77.57171505,133.44685850000002
community3,887.0,166.43049425,70.86589462499998,130.12931899999995
community3,888.0,154.14045539999995,63.61655951999998,139.02276540000003
community3,889.0,154.85664766666667,39.963605099999995,126.29731899999999
community3,890.0,178.755618,100.08634200000002,84.13127426666665
community3,891.0,168.05189760000002,112.41411220000002,73.05030219999999
community3,892.0,181.0637662,87.63303618,76.49508276
community3,893.0,183.85988899999995,89.06591032499998,93.576849475
community3,894.0,174.66312649999995,100.92030537500001,70.55900782500001
community3,895.0,173.27861233333334,109.08768,78.64931231666667
community3,896.0,183.9279773333333,90.00350766666665,84.8765074
community3,897.0,180.44470366666667,97.21485593333335,92.01756176666667
community3,898.0,179.05211224999996,98.195682625,77.8558429
community3,899.0,175.237299,106.54224350000001,87.39258819999998
community3,900.0,161.55064266666665,64.21376703333333,56.12199953333334
community3,901.0,161.30893475,49.51907067500001,59.54692982500001
community3,902.0,152.80814833333338,73.69827503333333,51.570119099999985
community3,903.0,171.4372543333333,65.95149923333334,63.353476966666655
community3,904.0,154.99854175,52.905332650000005,55.81793442500001
community3,905.0,171.34977999999998,56.80198855999999,63.7742681
community3,906.0,169.38880625000002,70.94862525,59.2135871
community3,907.0,161.49353620000002,72.91495441999997,53.48070774
community3,908.0,163.562463,57.45068813333332,58.2049763
community3,909.0,150.46517820000003,63.98624508000002,53.97134275999999
community3,910.0,126.92888037499999,99.95933817500001,31.822378012500007
community3,911.0,108.38103183333334,117.446954,28.719541516666663
community3,912.0,126.580862,113.68680750000001,33.177862950000005
community3,913.0,115.8962844285714,104.470643,28.18800437142857
community3,914.0,117.86326999999999,121.44054466666668,32.451244916666674
community3,915.0,107.65667518518521,109.78011222222223,26.523191648148153
community3,916.0,120.20388050000001,95.80213458333337,30.161721049999993
community3,917.0,131.6253385,106.80318233333331,33.803285499999994
community3,918.0,110.15266880000001,101.39879966000002,25.759660060000005
community3,919.0,118.77137471428573,112.95021271428571,30.29123080000001
community3,920.0,103.90776075,140.63217599999996,55.38939530000001
community3,921.0,113.15477816666666,136.45771233333335,70.33902511666666
community3,922.0,116.65810239999999,134.48019060000001,55.25928240000001
community3,923.0,102.44157144,142.00695840000003,63.601786359999984
community3,924.0,107.91673473684206,138.32543438596494,74.60238698245615
community3,925.0,121.58193050000004,132.86442275000002,60.607327100000006
community3,926.0,109.48951600000002,138.98775239999998,61.56424538000002
community3,927.0,98.26016746666667,143.06625599999998,56.61053089999998
community3,928.0,116.232243,135.4927352,63.895726059999994
community3,929.0,111.2633826,135.79682859999997,51.61391272000001
community3,930.0,161.9722078,114.42631679999995,66.72140338
community3,931.0,156.4059292,121.92081419999998,82.13422488000002
community3,932.0,147.92585175,119.84556949999997,62.23156727500001
community3,933.0,141.07478220000002,123.22479799999999,65.60180512
community3,934.0,148.10614166666667,125.36980816666669,83.02121609999999
community3,935.0,158.9842514,120.29436939999998,73.75563915999999
community3,936.0,155.30937725,118.25905475000002,63.589868075000005
community3,937.0,150.41783459999996,113.74996160000002,57.25366108000002
community3,938.0,160.04154939999998,106.1861798,60.47310317999999
community3,939.0,148.74408620000003,124.41187019999998,72.20364074
community3,940.0,100.59501144285714,77.24050537142855,30.9350626
community3,941.0,92.96079804,94.03453979999999,30.583807293333322
community3,942.0,109.6554788,84.35795378,36.615303399999995
community3,943.0,100.33619999999996,87.8281834454545,32.505807936363624
community3,944.0,113.87438999999995,89.81157142499998,32.54285599999999
community3,945.0,104.87289396825396,75.57225693650796,40.18003861904763
community3,946.0,102.40241199999998,99.60822348000002,28.00494252
community3,947.0,96.31497621666668,83.08181941666668,26.511413816666668
community3,948.0,103.80297933333333,80.29773724999998,36.59876481666666
community3,949.0,108.42048419999998,92.72826256,29.381308759999992
community3,950.0,97.57056871999997,125.49307139999998,35.44432481999999
community3,951.0,97.11412916666664,138.46040849999997,47.472708100000006
community3,952.0,112.98178328571429,131.01392600000003,43.092441871428576
community3,953.0,85.412014325,134.33038900000003,42.9470342
community3,954.0,108.31681644444444,125.81829188888884,34.60082315555553
community3,955.0,105.11027366666667,136.59230733333334,46.380628516666675
community3,956.0,102.07193799999999,131.43917833333333,39.17647673333333
community3,957.0,92.51905554285712,131.95120757142848,41.07327081428571
community3,958.0,88.54131086666668,139.02725466666666,47.620642366666665
community3,959.0,93.12830110000002,142.22715933333333,51.6283571
community3,960.0,119.46405609090911,74.67529847272728,52.02127685454546
community3,961.0,111.22872466666665,79.58635140000003,43.178785066666656
community3,962.0,130.99294342857146,81.90101497142858,52.672218485714275
community3,963.0,122.54957028571431,82.66504445714283,47.652314528571424
community3,964.0,126.17877270000001,75.08093679,55.00614606999999
community3,965.0,139.19773600000002,73.63338745,53.12256670000001
community3,966.0,108.54712740000001,74.36800636,44.91539996999998
community3,967.0,124.87405500000001,89.60250598,37.94124845999999
community3,968.0,116.64372660000001,83.35571054000002,42.07495226000001
community3,969.0,115.37487869999995,75.44677576999999,47.77431003000002
community3,970.0,98.2970096060606,109.90974484848483,28.934042787878788
community3,971.0,82.87489104444444,107.70287766666665,34.151457822222234
community3,972.0,76.6663872,122.93230279999997,41.554602
community3,973.0,93.04868277999998,119.92864060000004,35.775254679999996
community3,974.0,89.72206625454548,103.08678462727273,33.94145463636364
community3,975.0,80.79974791250001,114.93664712499996,39.95732335
community3,976.0,73.5854993,118.13952800000003,33.27635456666667
community3,977.0,88.79921604285715,114.64505371428567,36.800896828571425
community3,978.0,84.67455853999999,125.48384159999998,40.54819611999999
community3,979.0,100.6233131,118.24196550000002,30.310786150000002
community3,980.0,155.684035,98.14414289999999,56.41177227500002
community3,981.0,142.02356585714284,94.75303175714286,49.39294845714286
community3,982.0,136.90799533333333,86.85541256666669,50.952550549999984
community3,983.0,143.19049833333332,106.4432631666667,45.25743381666667
community3,984.0,135.09491037500007,94.83697802499998,39.8723461625
community3,985.0,146.26498320000005,79.24937123999999,53.38995794000003
community3,986.0,146.46846425000004,107.34198674999998,52.21033082500001
community3,987.0,150.3999708,90.41785654000002,53.53101500000002
community3,988.0,138.28581280000006,104.07979920000001,38.2662824
community3,989.0,150.30154960000002,102.81903999999993,53.984459539999996
community3,990.0,133.3030228333333,127.00269200000001,68.02459321666666
community3,991.0,123.95740283333333,133.25807999999998,83.49137165
community3,992.0,140.05069146341464,127.82432829268296,85.72725509756096
community3,993.0,125.75363199999997,130.94422824999998,65.60509577500001
community3,994.0,116.59444573529412,135.56005602941173,86.53623589705883
community3,995.0,126.89333749999997,130.91632216666667,74.22099199999998
community3,996.0,131.00506385714286,130.74487885714285,85.85048191428572
community3,997.0,118.66033966666669,134.9012297777778,76.0007588
community3,998.0,140.11943566666662,127.89870266666665,78.41436093333333
community3,999.0,135.17304079999997,128.2743466,74.90005679999997
community3,1000.0,130.13289475000002,127.11432499999998,56.975101512499975
community3,1001.0,132.00087225,116.4884185,39.58556065000001
community3,1002.0,122.513943,128.55616525,46.14743163749999
community3,1003.0,140.714488375,116.14456012500004,51.71891785000001
community3,1004.0,119.7406793333333,126.31925933333332,38.346220133333325
community3,1005.0,123.86275725000003,130.51198350000004,53.77208045
community3,1006.0,135.64635280000002,122.43305059999999,58.70424382
community3,1007.0,126.33890999999998,122.89725066666665,38.869448250000005
community3,1008.0,137.6231701666667,112.88961083333335,41.87153596666667
community3,1009.0,132.5735884285714,121.73352171428567,47.985173471428574
community3,1010.0,62.619716096774205,15.612510096774194,123.89303290322579
community3,1011.0,77.83025529999998,17.33053096,127.63301879999999
community3,1012.0,67.75577480000001,28.107107528571433,135.72589485714286
community3,1013.0,81.44956064,12.04670792,120.48915340000002
community3,1014.0,70.552755975,9.98909545,116.394403875
community3,1015.0,82.93679641428575,22.34943478571428,132.10702342857144
community3,1016.0,72.29605100000002,22.01753622857142,131.95202571428572
community3,1017.0,61.62272628571427,21.8727203,129.8068678571429
community3,1018.0,72.17281065,14.233805916666666,123.34906099999994
community3,1019.0,87.31243639999998,15.910849385714291,124.9952697142857
community3,1020.0,141.7044314,26.744618060000004,119.98512319999998
community3,1021.0,125.17257180000004,28.818011839999993,132.15527919999997
community3,1022.0,144.07247416666667,35.48854731666667,129.10335733333338
community3,1023.0,133.46702235294117,22.174165411764708,118.85943117647061
community3,1024.0,133.25574720000003,34.710429820000016,134.0704952
community3,1025.0,150.56159675000004,32.6877449,122.35920100000001
community3,1026.0,148.25991866666666,27.260040633333336,115.83548066666667
community3,1027.0,134.57607742857135,29.440709928571433,128.096515
community3,1028.0,150.8018215,40.2471314,129.35282799999996
community3,1029.0,127.79321259999998,23.37736444,124.8898824
community3,1030.0,87.85413535714285,4.162482582857142,94.1522492285714
community3,1031.0,76.1878466,5.804847343333335,104.34052433333338
community3,1032.0,94.30037790000002,8.781808044285711,109.2776577142857
community3,1033.0,77.54417394999999,8.460951925000002,111.61861900000001
community3,1034.0,99.80756927500002,7.763218889999999,104.36443975
community3,1035.0,90.40702694999999,3.282485655,85.77129149999999
community3,1036.0,89.41056851249998,10.715569063750003,115.78226237500004
community3,1037.0,89.07861395999998,6.199778832,101.7406608
community3,1038.0,96.01710231666668,5.628038391666664,97.32543500000003
community3,1039.0,83.09605666249999,6.769387435000003,104.97639371249997
community3,1040.0,108.26879875000002,60.11913876249999,152.13227212499996
community3,1041.0,100.5887285666667,49.39442528333334,150.04237700000002
community3,1042.0,115.30424833333333,41.90046661666668,144.2598121666667
community3,1043.0,99.86715275999997,59.178873799999984,152.74636339999998
community3,1044.0,118.81565050000003,52.391787925,147.42713149999997
community3,1045.0,102.36319566666667,41.94068348333331,147.06824033333334
community3,1046.0,110.2528958,50.36148479999999,149.3797494
community3,1047.0,94.07497249999999,53.19055017307691,150.79373615384617
community3,1048.0,109.70232374999998,42.7242337,146.87550600000006
community3,1049.0,116.56122050000006,59.61028814999999,149.33204133333328
community3,1050.0,102.57733398333332,5.543840280000001,91.57653078333331
community3,1051.0,123.47017980000001,10.334905017999999,92.46946451999999
community3,1052.0,104.15912925,7.34330975,99.36266790000005
community3,1053.0,111.85382150000002,8.235641281666664,94.24479421666665
community3,1054.0,110.24601400000002,7.090026437500001,86.467204925
community3,1055.0,119.776416,10.192463092499995,99.76194355
community3,1056.0,96.48337185,3.9624928374999997,85.50299552499999
community3,1057.0,118.68028714285713,9.505015810000005,87.1885637142857
community3,1058.0,104.37533900000001,5.352958900000001,84.91336663333331
community3,1059.0,110.77844675000003,8.99749451,101.19455214999996
community3,1060.0,115.12241919999998,22.560152580000004,129.614115
community3,1061.0,105.80695842857142,29.86154367142858,138.89664342857145
community3,1062.0,98.70390253999999,17.768133880000008,126.72957059999999
community3,1063.0,113.14691549999998,27.676674849999994,135.62911174999996
community3,1064.0,115.61319479999999,34.12219698000001,139.99320659999998
community3,1065.0,93.30685798333329,21.046831250000007,131.0792815
community3,1066.0,97.59100823333333,27.068565983333336,136.60331733333337
community3,1067.0,105.35286457142858,21.90655298571429,131.0357932857143
community3,1068.0,102.99830363999999,34.774194699999995,142.73233279999997
community3,1069.0,119.25475050000003,28.701701600000007,133.11986225
community3,1070.0,131.34222574999998,39.733988825,138.32949950000003
community3,1071.0,142.74649150000002,54.31257667500002,141.27669950000006
community3,1072.0,126.36279833333334,55.411730366666696,147.06169649999995
community3,1073.0,141.37557,43.18895599999999,136.04601579999996
community3,1074.0,124.38830749999997,46.40651204999999,144.43263775
community3,1075.0,121.7190995,40.229055825,140.98337775
community3,1076.0,146.5120765000001,48.14916115000001,136.55137225000001
community3,1077.0,133.43510042857142,47.563344457142854,141.87554871428569
community3,1078.0,135.64962,57.44705990000002,144.9179662
community3,1079.0,125.490348,35.779970999999996,138.29875899999996
community3,1080.0,75.47812312820514,38.371240923076925,142.9491315384615
community3,1081.0,87.839672025,43.420630075000005,146.80225949999993
community3,1082.0,90.44961404999997,28.432703999999994,137.44191750000002
community3,1083.0,81.98956748571429,41.77356697142857,145.50060928571432
community3,1084.0,93.92137994999999,41.8780694,146.22298800000004
community3,1085.0,82.95367115,28.656674074999994,137.56448125
community3,1086.0,75.09270752500001,31.93164489999999,139.4654275
community3,1087.0,87.28283058333331,34.861738466666665,142.084677
community3,1088.0,90.35490455,48.100130975000006,149.20871925
community3,1089.0,95.918795625,36.67105830000001,143.8273715
community3,1090.0,111.38989583333333,14.079641116666664,115.4745945
community3,1091.0,101.05822481999999,12.977036420000001,116.62943820000001
community3,1092.0,125.08020517241378,16.212531172413794,114.55914620689656
community3,1093.0,113.34310599999999,10.58023945,107.32293024999998
community3,1094.0,111.92294775000002,17.705681549999998,123.92005174999994
community3,1095.0,105.54995374999999,16.306423525,122.3675795
community3,1096.0,119.94737971428567,12.96662507142857,109.28645014285716
community3,1097.0,105.28086433333337,10.586363573333331,110.13062599999998
community3,1098.0,120.09160387499996,18.833067137500002,121.02469612500002
community3,1099.0,96.38644942500001,14.160941649999998,120.97068999999996
community3,1100.0,130.38204967213116,14.893625737704925,109.08907114754099
community3,1101.0,141.63923733333334,18.19759319999999,105.76964499999998
community3,1102.0,138.6629055,13.25814035,89.5023894
community3,1103.0,136.44066860000004,14.0363859,100.54428805999999
community3,1104.0,127.99242380000005,11.719504599999999,100.29612660000001
community3,1105.0,137.43339440677968,20.101303152542375,112.45210288135594
community3,1106.0,143.88731288461545,15.176436980769232,93.16952542307692
community3,1107.0,147.36440399999998,18.93875355,101.52953729999997
community3,1108.0,148.58338075,23.509323500000004,108.5540405
community3,1109.0,131.8566702,12.28765878,91.69987448000002
